segmento;indice_test;Fecha;precio_real;precio_pred;valor_escalado_real;valor_escalado_pred;Maximo_historico_alcanzado;Precio_apertura_del_dia;Precio_cierre_del_dia;Precio_cierre_promedio_diario;Promedio_volumen_transado;Rango_del_dia;Recuento_volumen_por_dia;Suma_apertura_por_dia;Suma_cierre_por_dia;Volumen_promedio_diario,
backtest;1;;304.87;287.3873;0.245359048;0.23101133;158.715879;156.261566;157.993553;151.494354; 248.596;156.657698;;;;,
backtest;2;;312.5;292.7799;0.251620845;0.23543695;;;;;;;;;;,
backtest;3;;322.62;299.67603;0.259926139;0.24109645;;;;;;;;;;,
backtest;4;;312.1;308.19943;0.251292573;0.24809144;;;;;;;;;;,
backtest;5;;311.2;309.44086;0.25055396;0.24911027;;;;;;;;;;,
backtest;6;;321.22;307.60287;0.258777185;0.24760185;;;;;;;;;;,
backtest;7;;339.63;309.31436;0.273885925;0.24900645;;;;;;;;;;,
backtest;8;;350.01;318.45612;0.282404596;0.25650892;;;;;;;;;;,
backtest;9;;352.22;330.06424;0.284218301;0.2660355;;;;;;;;;;,
backtest;10;;358.8;338.55087;0.289618383;0.2730003;;;;;;;;;;,
backtest;11;;351.01;345.17422;0.283225277;0.27843598;;;;;;;;;;,
backtest;12;;361.05;345.2256;0.291464916;0.27847812;;;;;;;;;;,
backtest;13;;348.71;347.10562;0.28133771;0.28002104;;;;;;;;;;,
backtest;14;;341.01;343.56036;0.275018465;0.2771115;;;;;;;;;;,
backtest;15;;339.48;336.81076;0.273762823;0.27157223;;;;;;;;;;,
backtest;16;;355.02;331.26498;0.286516208;0.2670209;;;;;;;;;;,
backtest;17;;352.25;334.61887;0.284242922;0.2697734;;;;;;;;;;,
backtest;18;;353.01;338.3133;0.284866639;0.27280533;;;;;;;;;;,
backtest;19;;350.78;341.288;0.28303652;0.27524662;;;;;;;;;;,
backtest;20;;350.66;342.19287;0.282938039;0.27598923;;;;;;;;;;,
backtest;21;;356.8;342.2005;0.287977021;0.2759955;;;;;;;;;;,
backtest;22;;352.2;344.40387;0.284201888;0.27780375;;;;;;;;;;,
backtest;23;;361.84;344.5014;0.292113254;0.2778838;;;;;;;;;;,
backtest;24;;374.67;347.81085;0.302642593;0.2805998;;;;;;;;;;,
backtest;25;;351.85;355.74683;0.283914649;0.2871127;;;;;;;;;;,
backtest;26;;357.3;352.68878;0.288387362;0.28460303;;;;;;;;;;,
backtest;27;;366.95;349.91464;0.296306935;0.28232634;;;;;;;;;;,
backtest;28;;362.74;351.9455;0.292851867;0.28399304;;;;;;;;;;,
backtest;29;;369.44;352.7685;0.298350431;0.28466845;;;;;;;;;;,
backtest;30;;368.72;355.63553;0.29775954;0.28702137;;;;;;;;;;,
backtest;31;;370.45;357.61792;0.299179319;0.28864828;;;;;;;;;;,
backtest;32;;381.07;359.25653;0.307894953;0.28999305;;;;;;;;;;,
backtest;33;;378;364.2968;0.305375462;0.29412952;;;;;;;;;;,
backtest;34;;369.42;366.98495;0.298334017;0.29633564;;;;;;;;;;,
backtest;35;;379.6;364.49112;0.306688551;0.294289;;;;;;;;;;,
backtest;36;;366.2;365.49557;0.295691424;0.29511333;;;;;;;;;;,
backtest;37;;368;361.6174;0.29716865;0.2919306;;;;;;;;;;,
backtest;38;;379.91;358.70023;0.306942963;0.2895365;;;;;;;;;;,
backtest;39;;381.2;361.96237;0.308001641;0.29221368;;;;;;;;;;,
backtest;40;;384.49;366.24704;0.310701682;0.29573002;;;;;;;;;;,
backtest;41;;393.57;370.54874;0.318153467;0.29926035;;;;;;;;;;,
backtest;42;;394.87;376.7554;0.319220353;0.30435404;;;;;;;;;;,
backtest;43;;408.64;381.44516;0.330521133;0.30820283;;;;;;;;;;,
backtest;44;;420.36;389.15756;0.340139516;0.31453228;;;;;;;;;;,
backtest;45;;419.17;399.02075;0.339162905;0.3226268;;;;;;;;;;,
backtest;46;;402.09;404.82654;0.325145671;0.3273915;;;;;;;;;;,
backtest;47;;415.08;400.10114;0.335806319;0.32351345;;;;;;;;;;,
backtest;48;;409.09;399.18857;0.330890439;0.32276452;;;;;;;;;;,
backtest;49;;405.39;397.02094;0.327853919;0.3209856;;;;;;;;;;,
backtest;50;;408.06;393.89447;0.330045137;0.31841975;;;;;;;;;;,
backtest;51;;420.43;392.9003;0.340196963;0.31760386;;;;;;;;;;,
backtest;52;;413.14;397.95648;0.334214198;0.32175338;;;;;;;;;;,
backtest;53;;417.55;399.94702;0.337833402;0.32338697;;;;;;;;;;,
backtest;54;;405.19;402.25717;0.327689783;0.32528287;;;;;;;;;;,
backtest;55;;407.78;398.8745;0.329815347;0.3225068;;;;;;;;;;,
backtest;56;;416.86;396.33896;0.337267132;0.3204259;;;;;;;;;;,
backtest;57;;408.62;398.66885;0.330504719;0.322338;;;;;;;;;;,
backtest;58;;418.62;398.2063;0.338711531;0.3219584;;;;;;;;;;,
backtest;59;;424.56;401.25095;0.343586377;0.32445708;;;;;;;;;;,
backtest;60;;424.59;406.41827;0.343610997;0.3286978;;;;;;;;;;,
backtest;61;;440.41;410.1263;0.356594173;0.33174092;;;;;;;;;;,
backtest;62;;449.11;418.1614;0.363734099;0.3383352;;;;;;;;;;,
backtest;63;;451.47;427.4375;0.365670907;0.3459479;;;;;;;;;;,
backtest;64;;453.42;434.0516;0.367271235;0.35137597;;;;;;;;;;,
backtest;65;;447.98;437.74564;0.36280673;0.35440758;;;;;;;;;;,
backtest;66;;446.6;436.62787;0.36167419;0.35349026;;;;;;;;;;,
backtest;67;;434;433.77832;0.351333607;0.35115167;;;;;;;;;;,
backtest;68;;457.61;426.346;0.370709889;0.34505212;;;;;;;;;;,
backtest;69;;457.72;429.98145;0.370800164;0.34803566;;;;;;;;;;,
backtest;70;;462.56;435.2908;0.374772261;0.35239294;;;;;;;;;;,
backtest;71;;493.48;441.10294;0.400147723;0.35716286;;;;;;;;;;,
backtest;72;;490.43;457.08154;0.397644645;0.3702762;;;;;;;;;;,
backtest;73;;485.54;468.14713;0.393631514;0.37935752;;;;;;;;;;,
backtest;74;;485.64;471.35077;0.393713582;0.38198668;;;;;;;;;;,
backtest;75;;507.34;470.77814;0.411522364;0.38151672;;;;;;;;;;,
backtest;76;;508.81;477.56168;0.412728765;0.38708386;;;;;;;;;;,
backtest;77;;510;483.86578;0.413705375;0.3922575;;;;;;;;;;,
backtest;78;;510.92;487.8544;0.414460402;0.3955309;;;;;;;;;;,
backtest;79;;505.13;489.78433;0.409708658;0.39711475;;;;;;;;;;,
backtest;80;;525.91;487.9079;0.426762413;0.3955748;;;;;;;;;;,
backtest;81;;534.98;493.8869;0.434205991;0.40048167;;;;;;;;;;,
backtest;82;;552.84;503.10416;0.448863357;0.4080461;;;;;;;;;;,
backtest;83;;573.86;516.6202;0.466114075;0.41913843;;;;;;;;;;,
backtest;84;;520.62;534.10126;0.422421009;0.43348482;;;;;;;;;;,
backtest;85;;504.9;524.3025;0.409519902;0.42544317;;;;;;;;;;,
backtest;86;;476.52;504.57394;0.38622897;0.40925232;;;;;;;;;;,
backtest;87;;508.6;478.38715;0.412556422;0.3877613;;;;;;;;;;,
backtest;88;;492.47;473.8277;0.399318835;0.38401946;;;;;;;;;;,
backtest;89;;486.58;471.12198;0.394485023;0.38179892;;;;;;;;;;,
backtest;90;;514.89;468.72324;0.417718506;0.37983033;;;;;;;;;;,
backtest;91;;519.64;479.37152;0.421616742;0.38856918;;;;;;;;;;,
backtest;92;;500.58;491.63916;0.405974559;0.398637;;;;;;;;;;,
backtest;93;;498.54;492.2058;0.404300369;0.39910203;;;;;;;;;;,
backtest;94;;487.57;488.51648;0.395297497;0.39607427;;;;;;;;;;,
backtest;95;;500.69;480.4603;0.406064834;0.3894627;;;;;;;;;;,
backtest;96;;505.51;479.4015;0.410020517;0.38859376;;;;;;;;;;,
backtest;97;;484.95;482.4589;0.393147312;0.3911029;;;;;;;;;;,
backtest;98;;493.92;477.31613;0.400508822;0.38688233;;;;;;;;;;,
backtest;99;;514.95;475.6351;0.417767747;0.38550276;;;;;;;;;;,
backtest;100;;521.4;483.8479;0.423061141;0.39224285;;;;;;;;;;,
backtest;101;;529.03;493.9997;0.429322938;0.40057424;;;;;;;;;;,
backtest;102;;541.22;503.6178;0.439327041;0.40846762;;;;;;;;;;,
backtest;103;;544.58;513.79944;0.44208453;0.4168235;;;;;;;;;;,
backtest;104;;522.49;520.93085;0.423955683;0.42267615;;;;;;;;;;,
backtest;105;;545.7;515.1866;0.443003693;0.41796193;;;;;;;;;;,
backtest;106;;549.46;516.9815;0.446089454;0.41943496;;;;;;;;;;,
backtest;107;;558.56;521.1385;0.453557653;0.42284653;;;;;;;;;;,
backtest;108;;553.55;527.7169;0.44944604;0.42824534;;;;;;;;;;,
backtest;109;;550.51;530.25604;0.446951169;0.43032914;;;;;;;;;;,
backtest;110;;569.04;529.40125;0.462158391;0.42962763;;;;;;;;;;,
backtest;111;;569.93;535.1514;0.462888798;0.4343467;;;;;;;;;;,
backtest;112;;563.81;540.6184;0.457866229;0.43883333;;;;;;;;;;,
backtest;113;;558.8;541.4214;0.453754616;0.43949234;;;;;;;;;;,
backtest;114;;552.46;538.60114;0.448551498;0.4371778;;;;;;;;;;,
backtest;115;;539.91;533.3583;0.438251949;0.43287507;;;;;;;;;;,
backtest;116;;545.82;524.60406;0.443102175;0.42569068;;;;;;;;;;,
backtest;117;;540.99;520.93;0.439138285;0.4226754;;;;;;;;;;,
backtest;118;;534.44;518.4847;0.433762823;0.4206686;;;;;;;;;;,
backtest;119;;543.61;515.1722;0.441288469;0.4179501;;;;;;;;;;,
backtest;120;;525.65;516.9563;0.426549036;0.41941428;;;;;;;;;;,
backtest;121;;535.87;512.5756;0.434936397;0.41581917;;;;;;;;;;,
backtest;122;;505.08;512.6241;0.409667624;0.4158589;;;;;;;;;;,
backtest;123;;520.96;501.74405;0.422700041;0.40692988;;;;;;;;;;,
backtest;124;;501.36;498.78354;0.40661469;0.40450025;;;;;;;;;;,
backtest;125;;503.23;491.47864;0.408149364;0.39850524;;;;;;;;;;,
backtest;126;;520.78;486.9512;0.422552318;0.39478967;;;;;;;;;;,
backtest;127;;551.77;492.156;0.447985228;0.39906114;;;;;;;;;;,
backtest;128;;566.4;510.38412;0.459991793;0.41402063;;;;;;;;;;,
backtest;129;;582.48;530.69147;0.473188346;0.4306865;;;;;;;;;;,
backtest;130;;545.23;549.5698;0.442617973;0.44617957;;;;;;;;;;,
backtest;131;;510.8;545.06635;0.41436192;0.44248366;;;;;;;;;;,
backtest;132;;536.72;521.62695;0.435633976;0.42324743;;;;;;;;;;,
backtest;133;;538.27;511.88184;0.436906032;0.41524976;;;;;;;;;;,
backtest;134;;531.88;509.9371;0.431661879;0.41365376;;;;;;;;;;,
backtest;135;;540.61;508.66656;0.438826426;0.41261107;;;;;;;;;;,
backtest;136;;536.89;512.0029;0.435773492;0.41534913;;;;;;;;;;,
backtest;137;;537.15;514.10046;0.435986869;0.41707054;;;;;;;;;;,
backtest;138;;537.61;515.41223;0.436364382;0.4181471;;;;;;;;;;,
backtest;139;;523.51;516.2847;0.424792778;0.41886312;;;;;;;;;;,
backtest;140;;525.6;511.12564;0.426508002;0.41462916;;;;;;;;;;,
backtest;141;;518.31;507.28122;0.420525236;0.41147414;;;;;;;;;;,
backtest;142;;529.39;502.42596;0.429618383;0.4074895;;;;;;;;;;,
backtest;143;;530.45;503.80402;0.430488305;0.40862045;;;;;;;;;;,
backtest;144;;536.06;506.84637;0.435092327;0.41111726;;;;;;;;;;,
backtest;145;;535.6;511.54257;0.434714813;0.41497135;;;;;;;;;;,
backtest;146;;541.78;514.6506;0.439786623;0.41752204;;;;;;;;;;,
backtest;147;;535.84;518.4483;0.434911777;0.42063874;;;;;;;;;;,
backtest;148;;542.33;518.34515;0.440237998;0.4205541;;;;;;;;;;,
backtest;149;;544.27;519.6044;0.441830119;0.4215875;;;;;;;;;;,
backtest;150;;534;521.2475;0.433401723;0.422936;;;;;;;;;;,
backtest;151;;517.23;518.1594;0.4196389;0.42040166;;;;;;;;;;,
backtest;152;;518.89;508.32013;0.421001231;0.41232675;;;;;;;;;;,
backtest;153;;520.53;501.18906;0.422347148;0.4064744;;;;;;;;;;,
backtest;154;;532.35;498.3841;0.4320476;0.40417242;;;;;;;;;;,
backtest;155;;534.42;502.8548;0.43374641;0.40784144;;;;;;;;;;,
backtest;156;;529.7;508.6226;0.429872794;0.41257498;;;;;;;;;;,
backtest;157;;533.65;510.8051;0.433114485;0.41436613;;;;;;;;;;,
backtest;158;;530.88;512.74713;0.430841198;0.4159599;;;;;;;;;;,
backtest;159;;533.29;512.6199;0.43281904;0.41585544;;;;;;;;;;,
backtest;160;;531.13;512.8191;0.431046368;0.41601896;;;;;;;;;;,
backtest;161;;520.37;512.0179;0.422215839;0.41536143;;;;;;;;;;,
backtest;162;;519.75;506.92365;0.421707017;0.41118068;;;;;;;;;;,
backtest;163;;516;502.41534;0.418629462;0.4074808;;;;;;;;;;,
backtest;164;;517.73;498.3931;0.420049241;0.4041798;;;;;;;;;;,
backtest;165;;525.83;496.9305;0.426696758;0.4029795;;;;;;;;;;,
backtest;166;;522.2;500.13983;0.423717686;0.40561333;;;;;;;;;;,
backtest;167;;524.54;502.05878;0.42563808;0.40718818;;;;;;;;;;,
backtest;168;;536.19;503.92908;0.435199015;0.4087231;;;;;;;;;;,
backtest;169;;504.58;509.62842;0.409257284;0.41340044;;;;;;;;;;,
backtest;170;;533.76;501.45935;0.43320476;0.40669623;;;;;;;;;;,
backtest;171;;531.07;504.33942;0.430997128;0.40905985;;;;;;;;;;,
backtest;172;;544.86;507.76447;0.442314321;0.41187072;;;;;;;;;;,
backtest;173;;539.39;515.46484;0.437825195;0.41819027;;;;;;;;;;,
backtest;174;;541.27;518.964;0.439368076;0.42106196;;;;;;;;;;,
backtest;175;;528.01;520.52625;0.428485843;0.4223441;;;;;;;;;;,
backtest;176;;514.38;515.4257;0.417299959;0.41815814;;;;;;;;;;,
backtest;177;;521.01;504.9839;0.422741075;0.40958875;;;;;;;;;;,
backtest;178;;534.63;499.80734;0.433918753;0.40534046;;;;;;;;;;,
backtest;179;;554.7;503.60767;0.450389824;0.4084593;;;;;;;;;;,
backtest;180;;548.5;516.5315;0.4453016;0.41906565;;;;;;;;;;,
backtest;181;;546.13;524.5144;0.443356586;0.4256171;;;;;;;;;;,
backtest;182;;537.41;527.0961;0.436200246;0.42773587;;;;;;;;;;,
backtest;183;;516.71;523.4784;0.419212146;0.42476687;;;;;;;;;;,
backtest;184;;522.04;511.1486;0.423586377;0.414648;;;;;;;;;;,
backtest;185;;519.59;503.3462;0.421575708;0.40824473;;;;;;;;;;,
backtest;186;;529.48;498.91577;0.429692245;0.40460876;;;;;;;;;;,
backtest;187;;542.27;501.41055;0.440188757;0.40665618;;;;;;;;;;,
backtest;188;;541.22;510.192;0.439327041;0.41386294;;;;;;;;;;,
backtest;189;;546.57;517.0051;0.443717686;0.41945434;;;;;;;;;;,
backtest;190;;543.64;522.8089;0.44131309;0.4242174;;;;;;;;;;,
backtest;191;;577.55;524.64557;0.469142388;0.42572474;;;;;;;;;;,
backtest;192;;570.53;537.84686;0.463381206;0.43655875;;;;;;;;;;,
backtest;193;;590.57;545.6206;0.479827657;0.44293857;;;;;;;;;;,
backtest;194;;610.03;556.466;0.495798112;0.45183915;;;;;;;;;;,
backtest;195;;598.45;570.92706;0.486294625;0.46370706;;;;;;;;;;,
backtest;196;;613.21;575.4433;0.498407879;0.46741346;;;;;;;;;;,
backtest;197;;596.24;580.78925;0.484480919;0.4718008;;;;;;;;;;,
backtest;198;;593.16;576.84814;0.481953221;0.4685664;;;;;;;;;;,
backtest;199;;597.06;570.39886;0.485153878;0.46327358;;;;;;;;;;,
backtest;200;;574.23;567.13666;0.466417727;0.46059635;;;;;;;;;;,
backtest;201;;565.68;557.0663;0.459400903;0.45233178;;;;;;;;;;,
backtest;202;;579.96;546.16595;0.47112023;0.4433861;;;;;;;;;;,
backtest;203;;532.3;545.48456;0.432006565;0.44282687;;;;;;;;;;,
backtest;204;;548.58;529.5385;0.445367255;0.42974028;;;;;;;;;;,
backtest;205;;553.67;523.08887;0.449544522;0.42444715;;;;;;;;;;,
backtest;206;;536.25;524.30695;0.435248256;0.42544684;;;;;;;;;;,
backtest;207;;512.19;520.892;0.415502667;0.4226443;;;;;;;;;;,
backtest;208;;494.81;508.64703;0.401239229;0.41259503;;;;;;;;;;,
backtest;209;;498.46;492.40256;0.404234715;0.3992635;;;;;;;;;;,
backtest;210;;463.73;483.33435;0.375732458;0.39182138;;;;;;;;;;,
backtest;211;;500.81;466.49265;0.406163316;0.37799972;;;;;;;;;;,
backtest;212;;498.73;469.57443;0.404456299;0.38052887;;;;;;;;;;,
backtest;213;;519.74;476.41824;0.42169881;0.38614547;;;;;;;;;;,
backtest;214;;514.24;490.35376;0.417185064;0.39758208;;;;;;;;;;,
backtest;215;;527.65;498.46072;0.428190398;0.4042353;;;;;;;;;;,
backtest;216;;531.65;506.80704;0.431473123;0.41108498;;;;;;;;;;,
backtest;217;;533.65;512.79224;0.433114485;0.4159969;;;;;;;;;;,
backtest;218;;508.9;515.8545;0.412802626;0.41851005;;;;;;;;;;,
backtest;219;;513.83;506.38098;0.416848584;0.4107353;;;;;;;;;;,
backtest;220;;527.45;498.69748;0.428026262;0.4044296;;;;;;;;;;,
backtest;221;;522.83;499.56094;0.424234715;0.40513825;;;;;;;;;;,
backtest;222;;505.72;500.49387;0.41019286;0.40590388;;;;;;;;;;,
backtest;223;;501.41;494.4269;0.406655724;0.40092483;;;;;;;;;;,
backtest;224;;513.57;487.37222;0.416635207;0.3951352;;;;;;;;;;,
backtest;225;;517.93;487.77795;0.420213377;0.39546818;;;;;;;;;;,
backtest;226;;514.87;491.98358;0.417702093;0.39891964;;;;;;;;;;,
backtest;227;;533.93;494.62448;0.433344276;0.401087;;;;;;;;;;,
backtest;228;;552.47;503.51978;0.448559705;0.40838718;;;;;;;;;;,
backtest;229;;559.5;517.8478;0.454329093;0.42014593;;;;;;;;;;,
backtest;230;;554.46;530.5199;0.45019286;0.43054566;;;;;;;;;;,
backtest;231;;565.74;535.3615;0.459450144;0.43451908;;;;;;;;;;,
backtest;232;;572.68;540.0323;0.465145671;0.43835232;;;;;;;;;;,
backtest;233;;576;544.90796;0.467870332;0.4423537;;;;;;;;;;,
backtest;234;;608.36;548.68445;0.494427575;0.44545296;;;;;;;;;;,
backtest;235;;627.18;563.0756;0.509872794;0.45726353;;;;;;;;;;,
backtest;236;;611.08;581.5763;0.496659828;0.47244668;;;;;;;;;;,
backtest;237;;645.49;587.06744;0.524899467;0.47695318;;;;;;;;;;,
backtest;238;;636.5;600.02295;0.517521543;0.4875855;;;;;;;;;;,
backtest;239;;614.47;605.5453;0.499441937;0.4921176;;;;;;;;;;,
backtest;240;;606.85;597.73816;0.493188346;0.48571044;;;;;;;;;;,
backtest;241;;614.42;586.0785;0.499400903;0.47614157;;;;;;;;;;,
backtest;242;;594.01;580.8615;0.4826508;0.4718601;;;;;;;;;;,
backtest;243;;610.61;571.61237;0.496274108;0.4642695;;;;;;;;;;,
backtest;244;;619.12;572.1341;0.503258104;0.46469766;;;;;;;;;;,
backtest;245;;615.27;578.9616;0.500098482;0.47030085;;;;;;;;;;,
backtest;246;;611.07;583.8377;0.496651621;0.47430262;;;;;;;;;;,
backtest;247;;612.99;585.0075;0.498227329;0.4752626;;;;;;;;;;,
backtest;248;;600.38;585.6086;0.487878539;0.47575593;;;;;;;;;;,
backtest;249;;593.47;580.829;0.482207632;0.4718334;;;;;;;;;;,
backtest;250;;574.05;573.8225;0.466270004;0.4660833;;;;;;;;;;,
backtest;251;;578.34;561.3918;0.469790726;0.45588166;;;;;;;;;;,
backtest;252;;580.92;554.37476;0.471908084;0.45012292;;;;;;;;;;,
backtest;253;;592.49;552.92615;0.481403365;0.44893408;;;;;;;;;;,
backtest;254;;570.63;558.57965;0.463463275;0.45357376;;;;;;;;;;,
backtest;255;;572.25;555.5679;0.464792778;0.45110208;;;;;;;;;;,
backtest;256;;550.34;552.34766;0.446811654;0.4484593;;;;;;;;;;,
backtest;257;;546.61;541.70844;0.443750513;0.4397279;;;;;;;;;;,
backtest;258;;569.72;531.9194;0.462716455;0.43169418;;;;;;;;;;,
backtest;259;;566.62;535.54834;0.460172343;0.43467245;;;;;;;;;;,
backtest;260;;560.63;540.3246;0.455256463;0.4385922;;;;;;;;;;,
backtest;261;;562.63;541.41016;0.456897825;0.4394831;;;;;;;;;;,
backtest;262;;584.5;541.881;0.474846122;0.4398695;;;;;;;;;;,
backtest;263;;599.67;550.52405;0.487295856;0.44696268;;;;;;;;;;,
backtest;264;;624.48;563.6427;0.507656955;0.45772892;;;;;;;;;;,
backtest;265;;625.91;582.23627;0.508830529;0.4729883;;;;;;;;;;,
backtest;266;;628;594.8974;0.510545753;0.4833791;;;;;;;;;;,
backtest;267;;619.52;601.0521;0.503586377;0.48843014;;;;;;;;;;,
backtest;268;;649.78;598.7805;0.528420189;0.48656586;;;;;;;;;;,
backtest;269;;650.58;606.3468;0.529076734;0.49277538;;;;;;;;;;,
backtest;270;;671.13;613.16425;0.545941732;0.4983703;;;;;;;;;;,
backtest;271;;678.79;624.8748;0.552228149;0.50798094;;;;;;;;;;,
backtest;272;;703.13;635.83636;0.572203529;0.5169769;;;;;;;;;;,
backtest;273;;704.76;651.4649;0.573541239;0.5298029;;;;;;;;;;,
backtest;274;;698.28;662.2265;0.568223225;0.5386348;;;;;;;;;;,
backtest;275;;694.33;664.40424;0.564981535;0.540422;;;;;;;;;;,
backtest;276;;697;661.349;0.567172753;0.53791463;;;;;;;;;;,
backtest;277;;713.01;658.7776;0.580311859;0.53580433;;;;;;;;;;,
backtest;278;;720.75;663.4893;0.586663931;0.5396711;;;;;;;;;;,
backtest;279;;711.54;671.3143;0.579105458;0.5460929;;;;;;;;;;,
backtest;280;;712.41;673.3976;0.57981945;0.5478027;;;;;;;;;;,
backtest;281;;746.29;673.60785;0.607624128;0.54797524;;;;;;;;;;,
backtest;282;;745.55;686.5532;0.607016824;0.55859923;;;;;;;;;;,
backtest;283;;737.09;697.3006;0.600073861;0.5674194;;;;;;;;;;,
backtest;284;;755.47;699.86;0.615157981;0.5695199;;;;;;;;;;,
backtest;285;;762.29;706.20953;0.620755027;0.5747308;;;;;;;;;;,
backtest;286;;768.22;713.31445;0.625621666;0.5805617;;;;;;;;;;,
backtest;287;;761.24;719.84906;0.619893311;0.5859245;;;;;;;;;;,
backtest;288;;799.4;720.61444;0.651210505;0.5865527;;;;;;;;;;,
backtest;289;;801.07;734.224;0.652581042;0.59772176;;;;;;;;;;,
backtest;290;;800.1;746.02826;0.651784982;0.6074093;;;;;;;;;;,
backtest;291;;808.48;752.0368;0.65866229;0.6123404;;;;;;;;;;,
backtest;292;;819.48;756.9878;0.667689783;0.6164036;;;;;;;;;;,
backtest;293;;827.94;763.4721;0.674632745;0.62172514;;;;;;;;;;,
backtest;294;;814.87;770.6718;0.663906442;0.6276338;;;;;;;;;;,
backtest;295;;796.11;769.7624;0.648510464;0.62688744;;;;;;;;;;,
backtest;296;;802.01;759.55347;0.653352483;0.6185092;;;;;;;;;;,
backtest;297;;820.5;753.16284;0.668526877;0.6132645;;;;;;;;;;,
backtest;298;;810;757.59076;0.659909725;0.6168984;;;;;;;;;;,
backtest;299;;793.66;759.2893;0.646499795;0.6182924;;;;;;;;;;,
backtest;300;;758.65;753.6747;0.617767747;0.6136846;;;;;;;;;;,
backtest;301;;726.44;734.98395;0.591333607;0.59834546;;;;;;;;;;,
backtest;302;;751.19;708.03784;0.611645466;0.5762313;;;;;;;;;;,
backtest;303;;186.12;699.9839;0.14790316;0.56962156;;;;;;;;;;,
backtest;304;;194.1;479.06543;0.154452195;0.38831797;;;;;;;;;;,
backtest;305;;195.94;293.99005;0.155962249;0.2364301;;;;;;;;;;,
backtest;306;;195.58;195.01724;0.155666803;0.15520497;;;;;;;;;;,
backtest;307;;192.94;165.29181;0.153500205;0.13080986;;;;;;;;;;,
backtest;308;;192.08;172.88623;0.152794419;0.13704246;;;;;;;;;;,
backtest;309;;195.03;193.47026;0.155215429;0.15393539;;;;;;;;;;,
backtest;310;;196.62;214.25807;0.156520312;0.17099555;;;;;;;;;;,
backtest;311;;194.99;228.61444;0.155182602;0.18277755;;;;;;;;;;,
backtest;312;;197.5;234.06154;0.157242511;0.18724789;;;;;;;;;;,
backtest;313;;198.15;233.8834;0.157775954;0.18710169;;;;;;;;;;,
backtest;314;;202.74;229.94946;0.161542881;0.18387318;;;;;;;;;;,
backtest;315;;206.37;225.8152;0.164521953;0.18048027;;;;;;;;;;,
backtest;316;;203.66;222.4117;0.162297907;0.17768708;;;;;;;;;;,
backtest;317;;202.95;217.54866;0.161715224;0.17369607;;;;;;;;;;,
backtest;318;;199.36;212.35484;0.158768978;0.16943361;;;;;;;;;;,
backtest;319;;196.99;206.50856;0.156823964;0.16463567;;;;;;;;;;,
backtest;320;;199.05;200.9931;0.158514567;0.16010924;;;;;;;;;;,
backtest;321;;201.88;198.01231;0.160837095;0.15766296;;;;;;;;;;,
backtest;322;;199.5;197.71996;0.158883874;0.15742303;;;;;;;;;;,
backtest;323;;194.58;197.15108;0.154846122;0.15695617;;;;;;;;;;,
backtest;324;;190.4;195.33199;0.151415675;0.15546326;;;;;;;;;;,
backtest;325;;197.98;192.01216;0.157636438;0.15273875;;;;;;;;;;,
backtest;326;;208.16;192.62064;0.165990973;0.15323812;;;;;;;;;;,
backtest;327;;219.58;198.17778;0.175363151;0.15779875;;;;;;;;;;,
backtest;328;;217.93;207.53218;0.174009027;0.16547574;;;;;;;;;;,
backtest;329;;222.13;213.6099;0.177455888;0.1704636;;;;;;;;;;,
backtest;330;;220.68;217.90317;0.176265901;0.17398702;;;;;;;;;;,
backtest;331;;226.36;219.15273;0.18092737;0.1750125;;;;;;;;;;,
backtest;332;;226.88;221.02197;0.181354124;0.17654656;;;;;;;;;;,
backtest;333;;223.85;222.27547;0.17886746;0.17757528;;;;;;;;;;,
backtest;334;;224.41;221.50282;0.179327041;0.17694119;;;;;;;;;;,
backtest;335;;223.96;220.58836;0.178957735;0.1761907;;;;;;;;;;,
backtest;336;;228.43;219.77531;0.18262618;0.17552345;;;;;;;;;;,
backtest;337;;226.62;221.12408;0.181140747;0.17663036;;;;;;;;;;,
backtest;338;;223.39;221.9096;0.178489947;0.17727502;;;;;;;;;;,
backtest;339;;221.77;221.05978;0.177160443;0.17657758;;;;;;;;;;,
backtest;340;;224.78;219.52974;0.179630693;0.1753219;;;;;;;;;;,
backtest;341;;221.52;219.67467;0.176955273;0.17544085;;;;;;;;;;,
backtest;342;;222.42;219.02386;0.177693886;0.17490675;;;;;;;;;;,
backtest;343;;223.41;218.87248;0.17850636;0.17478251;;;;;;;;;;,
backtest;344;;222.42;219.39384;0.177693886;0.17521039;;;;;;;;;;,
backtest;345;;219;219.5778;0.174887156;0.17536135;;;;;;;;;;,
backtest;346;;211.13;218.28271;0.168428396;0.1742985;;;;;;;;;;,
backtest;347;;212.46;213.98993;0.169519902;0.17077549;;;;;;;;;;,
backtest;348;;219.41;211.09596;0.175223636;0.16840047;;;;;;;;;;,
backtest;349;;224.82;212.53532;0.179663521;0.16958173;;;;;;;;;;,
backtest;350;;220.81;216.85257;0.176372589;0.1731248;;;;;;;;;;,
backtest;351;;216.6;218.7783;0.172917522;0.17470522;;;;;;;;;;,
backtest;352;;206.99;217.61462;0.165030776;0.1737502;;;;;;;;;;,
backtest;353;;205.17;212.16072;0.163537136;0.1692743;;;;;;;;;;,
backtest;354;;207.16;206.85878;0.165170291;0.16492309;;;;;;;;;;,
backtest;355;;207.42;204.45215;0.165383668;0.16294801;;;;;;;;;;,
backtest;356;;197.32;203.99634;0.157094789;0.16257393;;;;;;;;;;,
backtest;357;;204.51;200.41344;0.162995486;0.15963352;;;;;;;;;;,
backtest;358;;207;200.35265;0.165038982;0.15958363;;;;;;;;;;,
backtest;359;;210.75;202.36774;0.168116537;0.16123737;;;;;;;;;;,
backtest;360;;208.31;205.74368;0.166114075;0.16400795;;;;;;;;;;,
backtest;361;;206.95;207.22005;0.164997948;0.16521958;;;;;;;;;;,
backtest;362;;206.71;206.99203;0.164800985;0.16503245;;;;;;;;;;,
backtest;363;;209.39;206.15498;0.16700041;0.1643455;;;;;;;;;;,
backtest;364;;217.46;206.41214;0.173623307;0.16455655;;;;;;;;;;,
backtest;365;;218.62;209.97725;0.174575297;0.16748236;;;;;;;;;;,
backtest;366;;222.22;213.45995;0.17752975;0.17034054;;;;;;;;;;,
backtest;367;;222.9;216.91669;0.178087813;0.17317742;;;;;;;;;;,
backtest;368;;221.03;219.1492;0.176553139;0.17500961;;;;;;;;;;,
backtest;369;;226.92;219.26898;0.181386951;0.17510791;;;;;;;;;;,
backtest;370;;227.26;220.93289;0.181665983;0.17647345;;;;;;;;;;,
backtest;371;;231.66;222.38713;0.18527698;0.17766692;;;;;;;;;;,
backtest;372;;247.17;224.89026;0.198005745;0.17972119;;;;;;;;;;,
backtest;373;;244.51;232.79498;0.195822733;0.18620844;;;;;;;;;;,
backtest;374;;249.41;237.97089;0.199844071;0.19045621;;;;;;;;;;,
backtest;375;;255.67;242.21013;0.204981535;0.19393528;;;;;;;;;;,
backtest;376;;258.27;246.81584;0.207115306;0.1977151;;;;;;;;;;,
backtest;377;;264.01;250.55727;0.211826016;0.20078562;;;;;;;;;;,
backtest;378;;265.98;254.67412;0.213442757;0.20416424;;;;;;;;;;,
backtest;379;;298.01;257.88785;0.239729175;0.20680168;;;;;;;;;;,
backtest;380;;297.52;272.1453;0.239327041;0.2185025;;;;;;;;;;,
backtest;381;;308.04;283.4796;0.247960607;0.22780438;;;;;;;;;;,
backtest;382;;306.57;293.55502;0.246754206;0.23607306;;;;;;;;;;,
backtest;383;;294.59;298.37054;0.236922446;0.24002507;;;;;;;;;;,
backtest;384;;303.9;294.69977;0.244562987;0.23701254;;;;;;;;;;,
backtest;385;;303.9;293.4907;0.244562987;0.23602028;;;;;;;;;;,
backtest;386;;300.25;293.24084;0.241567501;0.23581523;;;;;;;;;;,
backtest;387;;302.03;291.95795;0.243028314;0.23476239;;;;;;;;;;,
backtest;388;;292.61;291.7684;0.235297497;0.23460682;;;;;;;;;;,
backtest;389;;316.75;288.4311;0.25510874;0.23186794;;;;;;;;;;,
backtest;390;;329.85;295.37167;0.265859664;0.23756397;;;;;;;;;;,
backtest;391;;319.56;307.81088;0.257414854;0.24777257;;;;;;;;;;,
backtest;392;;317.46;312.9615;0.255691424;0.2519996;;;;;;;;;;,
backtest;393;;326.74;313.23273;0.263307345;0.25222218;;;;;;;;;;,
backtest;394;;315.03;315.54092;0.253697169;0.25411648;;;;;;;;;;,
backtest;395;;333.76;312.6469;0.269068527;0.2517414;;;;;;;;;;,
backtest;396;;326.76;316.81494;0.263323759;0.25516203;;;;;;;;;;,
backtest;397;;314.35;318.42047;0.253139105;0.25647968;;;;;;;;;;,
backtest;398;;321.26;313.8087;0.258810012;0.25269488;;;;;;;;;;,
backtest;399;;306.93;312.06;0.247049651;0.25125974;;;;;;;;;;,
backtest;400;;300.37;306.09674;0.241665983;0.24636582;;;;;;;;;;,
backtest;401;;324.27;298.91357;0.261280263;0.24047074;;;;;;;;;;,
backtest;402;;318.26;303.90118;0.256347969;0.24456397;;;;;;;;;;,
backtest;403;;304.9;308.12994;0.245383668;0.2480344;;;;;;;;;;,
backtest;404;;301.98;305.47928;0.242987279;0.24585907;;;;;;;;;;,
backtest;405;;281.61;300.90268;0.226270004;0.24210314;;;;;;;;;;,
backtest;406;;283.37;289.5225;0.227714403;0.23276363;;;;;;;;;;,
backtest;407;;304.59;281.55264;0.245129257;0.22622293;;;;;;;;;;,
backtest;408;;283.87;286.24313;0.228124744;0.23007233;;;;;;;;;;,
backtest;409;;278.01;284.65097;0.223315552;0.22876567;;;;;;;;;;,
backtest;410;;277.19;279.91373;0.222642593;0.22487791;;;;;;;;;;,
backtest;411;;290.75;275.92728;0.23377103;0.22160631;;;;;;;;;;,
backtest;412;;294;279.17017;0.236438244;0.22426768;;;;;;;;;;,
backtest;413;;296.4;284.4802;0.238407879;0.22862554;;;;;;;;;;,
backtest;414;;309.45;289.24695;0.249117768;0.23253751;;;;;;;;;;,
backtest;415;;303.22;297.05972;0.244004924;0.2389493;;;;;;;;;;,
backtest;416;;300.01;299.8752;0.241370538;0.24125993;;;;;;;;;;,
backtest;417;;295.86;298.6387;0.237964711;0.24024515;;;;;;;;;;,
backtest;418;;294.11;294.77267;0.236528519;0.23707238;;;;;;;;;;,
backtest;419;;301.21;290.72833;0.242355355;0.23375325;;;;;;;;;;,
backtest;420;;292.9;290.93808;0.235535494;0.23392539;;;;;;;;;;,
backtest;421;;276.04;288.9539;0.22169881;0.232297;;;;;;;;;;,
backtest;422;;281.78;280.55035;0.22640952;0.22540037;;;;;;;;;;,
backtest;423;;272.47;276.1024;0.218768978;0.22175;;;;;;;;;;,
backtest;424;;274;270.97406;0.22002462;0.21754129;;;;;;;;;;,
backtest;425;;278.17;268.57834;0.223446861;0.21557517;;;;;;;;;;,
backtest;426;;279.99;269.83316;0.224940501;0.21660498;;;;;;;;;;,
backtest;427;;265.75;272.5727;0.213254001;0.21885327;;;;;;;;;;,
backtest;428;;269.42;269.1485;0.216265901;0.2160431;;;;;;;;;;,
backtest;429;;259.03;266.92014;0.207739023;0.21421432;;;;;;;;;;,
backtest;430;;250.67;261.74387;0.200878129;0.20996626;;;;;;;;;;,
backtest;431;;241.5;254.50894;0.193352483;0.20402868;;;;;;;;;;,
backtest;432;;233.74;245.95978;0.186983997;0.19701254;;;;;;;;;;,
backtest;433;;233.72;237.47153;0.186967583;0.1900464;;;;;;;;;;,
backtest;434;;223.24;232.54611;0.178366844;0.1860042;;;;;;;;;;,
backtest;435;;227.72;226.65704;0.182043496;0.18117115;;;;;;;;;;,
backtest;436;;219.44;224.90186;0.175248256;0.1797307;;;;;;;;;;,
backtest;437;;228.4;221.93462;0.182601559;0.17729555;;;;;;;;;;,
backtest;438;;244.86;223.54074;0.196109971;0.17861366;;;;;;;;;;,
backtest;439;;246.38;232.37332;0.197357407;0.18586239;;;;;;;;;;,
backtest;440;;252.42;240.31236;0.202314321;0.19237782;;;;;;;;;;,
backtest;441;;239.48;247.1206;0.191694707;0.19796522;;;;;;;;;;,
backtest;442;;243.19;245.44948;0.194739434;0.19659375;;;;;;;;;;,
backtest;443;;247.28;243.10376;0.19809602;0.19466867;;;;;;;;;;,
backtest;444;;251.08;242.6911;0.201214608;0.19433;;;;;;;;;;,
backtest;445;;267.05;244.21907;0.214320886;0.19558398;;;;;;;;;;,
backtest;446;;258.24;251.87753;0.207090685;0.20186913;;;;;;;;;;,
backtest;447;;239.49;254.62779;0.191702913;0.20412622;;;;;;;;;;,
backtest;448;;242.67;247.43599;0.19431268;0.19822404;;;;;;;;;;,
backtest;449;;264.95;241.42278;0.212597456;0.19328912;;;;;;;;;;,
backtest;450;;265.11;246.85713;0.212728765;0.19774899;;;;;;;;;;,
backtest;451;;245.07;253.48987;0.196282314;0.20319235;;;;;;;;;;,
backtest;452;;236.42;250.08243;0.189183422;0.20039593;;;;;;;;;;,
backtest;453;;233.9;241.85777;0.187115306;0.1936461;;;;;;;;;;,
backtest;454;;223.87;234.498;0.178883874;0.18760608;;;;;;;;;;,
backtest;455;;237.48;226.41391;0.190053344;0.18097162;;;;;;;;;;,
backtest;456;;241.57;226.95535;0.19340993;0.18141598;;;;;;;;;;,
backtest;457;;243.85;231.62263;0.195281083;0.18524632;;;;;;;;;;,
backtest;458;;234.77;236.81448;0.187829298;0.18950717;;;;;;;;;;,
backtest;459;;242.2;236.64891;0.193926959;0.18937129;;;;;;;;;;,
backtest;460;;237.14;237.98552;0.189774313;0.19046822;;;;;;;;;;,
backtest;461;;229.36;237.0535;0.183389413;0.18970333;;;;;;;;;;,
backtest;462;;213.52;232.67664;0.170389824;0.18611132;;;;;;;;;;,
backtest;463;;215.14;222.6787;0.171719327;0.1779062;;;;;;;;;;,
backtest;464;;230.14;215.66063;0.184029545;0.1721466;;;;;;;;;;,
backtest;465;;226.58;218.24579;0.18110792;0.1742682;;;;;;;;;;,
backtest;466;;221;221.27513;0.176528519;0.17675433;;;;;;;;;;,
backtest;467;;213.3;221.27232;0.170209274;0.17675202;;;;;;;;;;,
backtest;468;;229.73;217.4646;0.183693065;0.1736271;;;;;;;;;;,
backtest;469;;244.96;220.56273;0.196192039;0.17616966;;;;;;;;;;,
backtest;470;;247.66;230.31453;0.198407879;0.18417278;;;;;;;;;;,
backtest;471;;264.53;239.11717;0.21225277;0.19139695;;;;;;;;;;,
backtest;472;;267.34;250.74269;0.214558884;0.2009378;;;;;;;;;;,
backtest;473;;265.24;259.33664;0.212835453;0.20799068;;;;;;;;;;,
backtest;474;;256.34;262.43863;0.205531391;0.21053642;;;;;;;;;;,
backtest;475;;281.5;258.7781;0.226179729;0.2075323;;;;;;;;;;,
backtest;476;;276.92;264.2041;0.222421009;0.21198532;;;;;;;;;;,
backtest;477;;282.19;267.88205;0.226745999;0.21500373;;;;;;;;;;,
backtest;478;;286.56;271.6342;0.230332376;0.21808304;;;;;;;;;;,
backtest;479;;276.9;275.564;0.222404596;0.22130817;;;;;;;;;;,
backtest;480;;272.86;274.07666;0.219089044;0.22008754;;;;;;;;;;,
backtest;481;;267.12;270.0501;0.214378334;0.21678303;;;;;;;;;;,
backtest;482;;273.6;264.63834;0.219696348;0.21234168;;;;;;;;;;,
backtest;483;;259.31;263.68875;0.207968814;0.21156238;;;;;;;;;;,
backtest;484;;244.07;258.91132;0.195461633;0.20764163;;;;;;;;;;,
backtest;485;;242.08;249.23598;0.193828478;0.19970126;;;;;;;;;;,
backtest;486;;231.19;241.54655;0.18489126;0.1933907;;;;;;;;;;,
backtest;487;;219.17;233.47986;0.175026672;0.18677051;;;;;;;;;;,
backtest;488;;215.04;224.18495;0.171637259;0.17914236;;;;;;;;;;,
backtest;489;;222.03;217.01114;0.17737382;0.17325494;;;;;;;;;;,
backtest;490;;212.58;216.44644;0.169618383;0.17279151;;;;;;;;;;,
backtest;491;;217.83;214.61037;0.173926959;0.17128468;;;;;;;;;;,
backtest;492;;221.98;215.5281;0.177332786;0.17203784;;;;;;;;;;,
backtest;493;;214.82;218.62248;0.171456709;0.17457734;;;;;;;;;;,
backtest;494;;201.83;218.28392;0.160796061;0.1742995;;;;;;;;;;,
backtest;495;;195.15;211.88487;0.155313911;0.1690479;;;;;;;;;;,
backtest;496;;199.02;203.44966;0.158489947;0.16212529;;;;;;;;;;,
backtest;497;;187.88;199.14334;0.149347558;0.15859118;;;;;;;;;;,
backtest;498;;184.15;193.23085;0.146286418;0.1537389;;;;;;;;;;,
backtest;499;;197.82;187.80426;0.157505129;0.1492854;;;;;;;;;;,
backtest;500;;185.47;190.15689;0.147369717;0.15121616;;;;;;;;;;,
backtest;501;;195.33;188.98209;0.155461633;0.15025203;;;;;;;;;;,
backtest;502;;196.02;191.2945;0.156027903;0.15214978;;;;;;;;;;,
backtest;503;;203.34;193.89163;0.162035289;0.1542812;;;;;;;;;;,
backtest;504;;188.44;198.38464;0.14980714;0.15796852;;;;;;;;;;,
backtest;505;;186.75;195.59517;0.148420189;0.15567926;;;;;;;;;;,
backtest;506;;169.5;191.00465;0.134263439;0.15191191;;;;;;;;;;,
backtest;507;;175.95;180.68399;0.139556832;0.14344193;;;;;;;;;;,
backtest;508;;166.3;175.29375;0.131637259;0.13901827;;;;;;;;;;,
backtest;509;;161.75;169.62846;0.12790316;0.13436887;;;;;;;;;;,
backtest;510;;177.06;164.5233;0.140467788;0.13017917;;;;;;;;;;,
backtest;511;;172.64;167.87492;0.136840378;0.13292977;;;;;;;;;;,
backtest;512;;181.77;170.74556;0.144333197;0.13528565;;;;;;;;;;,
backtest;513;;169.38;176.14233;0.134164957;0.13971469;;;;;;;;;;,
backtest;514;;171.24;175.23119;0.135691424;0.13896692;;;;;;;;;;,
backtest;515;;166.94;173.5525;0.132162495;0.13758926;;;;;;;;;;,
backtest;516;;168.98;170.42072;0.133836684;0.13501906;;;;;;;;;;,
backtest;517;;161.54;168.7757;0.127730817;0.13366902;;;;;;;;;;,
backtest;518;;169.75;165.1912;0.134468609;0.13072729;;;;;;;;;;,
backtest;519;;178.51;165.7116;0.141657776;0.13115437;;;;;;;;;;,
backtest;520;;188.11;170.63751;0.149536315;0.13519698;;;;;;;;;;,
backtest;521;;186.72;178.71999;0.148395568;0.14183012;;;;;;;;;;,
backtest;522;;183.2;183.91942;0.145506771;0.14609718;;;;;;;;;;,
backtest;523;;195.92;184.73581;0.155945835;0.14676718;;;;;;;;;;,
backtest;524;;187.2;188.77126;0.148789495;0.150079;;;;;;;;;;,
backtest;525;;187.86;188.42339;0.149331145;0.1497935;;;;;;;;;;,
backtest;526;;189.26;187.06693;0.150480098;0.14868028;;;;;;;;;;,
backtest;527;;186.48;186.37321;0.148198605;0.14811097;;;;;;;;;;,
backtest;528;;180.48;184.9658;0.143274518;0.14695594;;;;;;;;;;,
backtest;529;;169.74;181.57974;0.134460402;0.14417706;;;;;;;;;;,
backtest;530;;156.47;174.80498;0.123569963;0.13861714;;;;;;;;;;,
backtest;531;;158.36;164.61424;0.12512105;0.13025379;;;;;;;;;;,
backtest;532;;165.27;158.43047;0.130791957;0.12517889;;;;;;;;;;,
backtest;533;;156.01;158.8118;0.12319245;0.12549184;;;;;;;;;;,
backtest;534;;158.8;157.62488;0.12548215;0.12451775;;;;;;;;;;,
backtest;535;;165.66;157.89963;0.131112023;0.12474324;;;;;;;;;;,
backtest;536;;163.6;161.3742;0.12942142;0.12759475;;;;;;;;;;,
backtest;537;;162.25;163.6543;0.1283135;0.12946598;;;;;;;;;;,
backtest;538;;171.26;164.17366;0.135707838;0.12989222;;;;;;;;;;,
backtest;539;;168.69;167.42377;0.133598687;0.13255952;;;;;;;;;;,
backtest;540;;159.82;168.97092;0.126319245;0.13382924;;;;;;;;;;,
backtest;541;;155.42;165.75642;0.122708248;0.13119116;;;;;;;;;;,
backtest;542;;151.59;160.54877;0.119565039;0.12691733;;;;;;;;;;,
backtest;543;;145.23;155.1696;0.114345507;0.12250275;;;;;;;;;;,
backtest;544;;149.64;149.30104;0.117964711;0.11768653;;;;;;;;;;,
backtest;545;;151.3;147.44238;0.119327041;0.11616117;;;;;;;;;;,
backtest;546;;158.58;148.24948;0.1253016;0.11682354;;;;;;;;;;,
backtest;547;;158.38;152.55663;0.125137464;0.12035833;;;;;;;;;;,
backtest;548;;151.52;156.20876;0.119507591;0.12335556;;;;;;;;;;,
backtest;549;;150.82;155.569;0.118933114;0.12283054;;;;;;;;;;,
backtest;550;;151.64;153.62125;0.119606073;0.12123204;;;;;;;;;;,
backtest;551;;153.72;152.26767;0.12131309;0.12012119;;;;;;;;;;,
backtest;552;;157.62;152.33832;0.124513746;0.12017918;;;;;;;;;;,
backtest;553;;161.01;154.27942;0.127295856;0.1217722;;;;;;;;;;,
backtest;554;;169.92;157.32137;0.134608125;0.124268666;;;;;;;;;;,
backtest;555;;178.07;162.96353;0.141296676;0.12889908;;;;;;;;;;,
backtest;556;;180.5;170.25856;0.143290931;0.13488598;;;;;;;;;;,
backtest;557;;173.19;175.98616;0.137291752;0.13958651;;;;;;;;;;,
backtest;558;;170.24;175.92992;0.134870743;0.13954036;;;;;;;;;;,
backtest;559;;165.33;172.84186;0.130841198;0.13700604;;;;;;;;;;,
backtest;560;;177.9;167.94717;0.14115716;0.13298906;;;;;;;;;;,
backtest;561;;179.84;169.34363;0.142749282;0.13413511;;;;;;;;;;,
backtest;562;;181.63;172.7565;0.144218301;0.136936;;;;;;;;;;,
backtest;563;;184.41;176.2421;0.146499795;0.13979656;;;;;;;;;;,
backtest;564;;185.26;179.5688;0.147197374;0.14252672;;;;;;;;;;,
backtest;565;;188.93;181.88635;0.150209274;0.14442869;;;;;;;;;;,
backtest;566;;192.15;184.42598;0.152851867;0.14651291;;;;;;;;;;,
backtest;567;;189.89;187.22926;0.150997128;0.14881352;;;;;;;;;;,
backtest;568;;177.93;188.04514;0.141181781;0.14948308;;;;;;;;;;,
backtest;569;;170.86;183.19714;0.135379565;0.14550443;;;;;;;;;;,
backtest;570;;180.97;175.826;0.143676652;0.13945508;;;;;;;;;;,
backtest;571;;179.42;174.65233;0.142404596;0.13849187;;;;;;;;;;,
backtest;572;;187.09;175.2001;0.14869922;0.1389414;;;;;;;;;;,
backtest;573;;190.32;179.2889;0.151350021;0.142297;;;;;;;;;;,
backtest;574;;188.79;184.21727;0.150094378;0.14634164;;;;;;;;;;,
backtest;575;;183.35;186.92397;0.145629873;0.14856297;;;;;;;;;;,
backtest;576;;187.73;185.76067;0.149224456;0.14760827;;;;;;;;;;,
backtest;577;;178.49;185.59427;0.141641362;0.14747171;;;;;;;;;;,
backtest;578;;170.34;182.0104;0.134952811;0.1445305;;;;;;;;;;,
backtest;579;;171.81;175.6189;0.136159212;0.1392851;;;;;;;;;;,
backtest;580;;172.22;171.54321;0.136495691;0.13594027;;;;;;;;;;,
backtest;581;;179.13;169.95813;0.142166598;0.13463943;;;;;;;;;;,
backtest;582;;162.6;172.61386;0.128600739;0.13681893;;;;;;;;;;,
backtest;583;;158.01;169.06525;0.124833812;0.13390665;;;;;;;;;;,
backtest;584;;154.68;163.49873;0.122100944;0.12933832;;;;;;;;;;,
backtest;585;;150.94;158.28183;0.119031596;0.12505691;;;;;;;;;;,
backtest;586;;139.37;153.82198;0.109536315;0.12139677;;;;;;;;;;,
backtest;587;;136.47;146.90329;0.10715634;0.11571874;;;;;;;;;;,
backtest;588;;134.65;141.04335;0.1056627;0.110909596;;;;;;;;;;,
backtest;589;;137.14;137.24913;0.107706196;0.10779576;;;;;;;;;;,
backtest;590;;139.9;136.71553;0.109971276;0.10735784;;;;;;;;;;,
backtest;591;;143.87;138.57118;0.11322938;0.10888074;;;;;;;;;;,
backtest;592;;145.05;142.06425;0.114197784;0.111747436;;;;;;;;;;,
backtest;593;;131.31;145.11346;0.102921625;0.11424986;;;;;;;;;;,
backtest;594;;131.28;141.31245;0.102897005;0.111130446;;;;;;;;;;,
backtest;595;;129.29;136.87656;0.101263849;0.10748999;;;;;;;;;;,
backtest;596;;131.98;133.0086;0.103471481;0.10431563;;;;;;;;;;,
backtest;597;;133.82;131.77293;0.104981535;0.10330155;;;;;;;;;;,
backtest;598;;131.76;132.48778;0.103290931;0.103888206;;;;;;;;;;,
backtest;599;;132.61;132.69493;0.10398851;0.10405821;;;;;;;;;;,
backtest;600;;125.61;133.02116;0.098243742;0.10432594;;;;;;;;;;,
backtest;601;;125.16;130.46153;0.097874436;0.102225296;;;;;;;;;;,
backtest;602;;122.28;127.863884;0.095510874;0.10009346;;;;;;;;;;,
backtest;603;;124.13;125.11272;0.097029134;0.09783563;;;;;;;;;;,
backtest;604;;127.36;124.13069;0.099679934;0.0970297;;;;;;;;;;,
backtest;605;;122.2;125.34609;0.09544522;0.098027155;;;;;;;;;;,
backtest;606;;121.39;124.727196;0.094780468;0.09751924;;;;;;;;;;,
backtest;607;;125.12;123.55827;0.097841609;0.09655993;;;;;;;;;;,
backtest;608;;131.67;124.14692;0.10321707;0.097043015;;;;;;;;;;,
backtest;609;;132.09;127.568924;0.103561756;0.09985139;;;;;;;;;;,
backtest;610;;131.3;130.59543;0.102913418;0.102335185;;;;;;;;;;,
backtest;611;;120.76;131.96135;0.094263439;0.10345618;;;;;;;;;;,
backtest;612;;116.7;128.0515;0.090931473;0.10024743;;;;;;;;;;,
backtest;613;;115.86;122.458534;0.090242101;0.09565739;;;;;;;;;;,
backtest;614;;115;118.176;0.089536315;0.0921428;;;;;;;;;;,
backtest;615;;119.6;115.6263;0.093311449;0.0900503;;;;;;;;;;,
backtest;616;;112.27;116.509445;0.087295856;0.09077509;;;;;;;;;;,
backtest;617;;118.88;115.282036;0.092720558;0.08976778;;;;;;;;;;,
backtest;618;;119.67;116.68256;0.093368896;0.09091716;;;;;;;;;;,
backtest;619;;120.51;118.65133;0.094058268;0.09253289;;;;;;;;;;,
backtest;620;;121.94;120.374535;0.095231842;0.09394709;;;;;;;;;;,
backtest;621;;124.66;121.89683;0.097464095;0.09519641;;;;;;;;;;,
backtest;622;;125.99;123.7592;0.098555601;0.09672482;;;;;;;;;;,
backtest;623;;132.61;125.41384;0.10398851;0.09808276;;;;;;;;;;,
backtest;624;;128.96;128.85974;0.100993024;0.100910746;;;;;;;;;;,
backtest;625;;131.76;129.89983;0.103290931;0.101764314;;;;;;;;;;,
backtest;626;;138.34;130.85309;0.108691014;0.10254664;;;;;;;;;;,
backtest;627;;134.97;133.87453;0.105925318;0.10502628;;;;;;;;;;,
backtest;628;;135.43;134.86565;0.106302831;0.10583968;;;;;;;;;;,
backtest;629;;132.19;135.00435;0.103643824;0.1059535;;;;;;;;;;,
backtest;630;;134.21;133.49567;0.1053016;0.10471536;;;;;;;;;;,
backtest;631;;141.56;132.87373;0.111333607;0.104204945;;;;;;;;;;,
backtest;632;;143.01;135.66028;0.112523595;0.10649181;;;;;;;;;;,
backtest;633;;146.02;138.93875;0.114993845;0.109182395;;;;;;;;;;,
backtest;634;;137.76;142.31535;0.108215018;0.11195351;;;;;;;;;;,
backtest;635;;157.5;141.13503;0.124415265;0.11098483;;;;;;;;;;,
backtest;636;;163.27;146.88141;0.129150595;0.11570079;;;;;;;;;;,
backtest;637;;162.95;154.53696;0.128887977;0.12198355;;;;;;;;;;,
backtest;638;;166.66;159.55746;0.131932704;0.12610379;;;;;;;;;;,
backtest;639;;159.1;163.21222;0.125728355;0.12910318;;;;;;;;;;,
backtest;640;;156.77;161.86116;0.123816167;0.12799439;;;;;;;;;;,
backtest;641;;154.09;158.53047;0.121616742;0.12526096;;;;;;;;;;,
backtest;642;;153.17;154.76036;0.120861715;0.1221669;;;;;;;;;;,
backtest;643;;160.38;151.98468;0.126778826;0.11988895;;;;;;;;;;,
backtest;644;;165.19;153.53703;0.130726303;0.12116293;;;;;;;;;;,
backtest;645;;162.7;157.78864;0.128682807;0.12465215;;;;;;;;;;,
backtest;646;;158.27;160.33287;0.125047189;0.12674016;;;;;;;;;;,
backtest;647;;156.39;159.75201;0.123504309;0.12626345;;;;;;;;;;,
backtest;648;;169.23;157.79666;0.134041855;0.124658726;;;;;;;;;;,
backtest;649;;171.35;161.27472;0.135781699;0.12751311;;;;;;;;;;,
backtest;650;;168.76;165.75905;0.133656135;0.13119331;;;;;;;;;;,
backtest;651;;166.1;167.77039;0.131473123;0.13284399;;;;;;;;;;,
backtest;652;;159.87;167.19635;0.126360279;0.13237289;;;;;;;;;;,
backtest;653;;161.2;163.56493;0.127451785;0.12939264;;;;;;;;;;,
backtest;654;;171.69;160.94905;0.13606073;0.12724584;;;;;;;;;;,
backtest;655;;170.01;163.78812;0.134681986;0.1295758;;;;;;;;;;,
backtest;656;;175.35;166.42415;0.139064423;0.13173915;;;;;;;;;;,
backtest;657;;180.72;170.17192;0.143471481;0.13481487;;;;;;;;;;,
backtest;658;;176.74;174.88881;0.14020517;0.13868594;;;;;;;;;;,
backtest;659;;169.52;176.39531;0.134279852;0.13992229;;;;;;;;;;,
backtest;660;;165.71;173.46661;0.131153057;0.13751876;;;;;;;;;;,
backtest;661;;162.54;168.8106;0.128551498;0.13369766;;;;;;;;;;,
backtest;662;;160.85;164.17352;0.127164547;0.12989211;;;;;;;;;;,
backtest;663;;165.01;160.7379;0.13057858;0.12707256;;;;;;;;;;,
backtest;664;;153.39;160.76709;0.121042265;0.1270965;;;;;;;;;;,
backtest;665;;152.06;157.35838;0.119950759;0.12429905;;;;;;;;;;,
backtest;666;;141.21;154.00179;0.111046368;0.121544346;;;;;;;;;;,
backtest;667;;140.36;147.83632;0.110348789;0.11648446;;;;;;;;;;,
backtest;668;;146.03;143.12465;0.115002052;0.11261768;;;;;;;;;;,
backtest;669;;146.14;143.05313;0.115092327;0.11255899;;;;;;;;;;,
backtest;670;;143.15;144.55019;0.11263849;0.11378759;;;;;;;;;;,
backtest;671;;147.49;144.88853;0.116200246;0.11406527;;;;;;;;;;,
backtest;672;;142.65;146.54384;0.112228149;0.11542375;;;;;;;;;;,
backtest;673;;148.59;145.9793;0.117102995;0.11496043;;;;;;;;;;,
backtest;674;;156.28;147.2778;0.123414034;0.116026096;;;;;;;;;;,
backtest;675;;159.09;151.49414;0.125720148;0.11948636;;;;;;;;;;,
backtest;676;;160.01;155.87553;0.126475174;0.1230821;;;;;;;;;;,
backtest;677;;165.11;158.79669;0.130660648;0.12547944;;;;;;;;;;,
backtest;678;;168.99;161.97047;0.133844891;0.12808411;;;;;;;;;;,
backtest;679;;177.02;165.27946;0.140434961;0.13079973;;;;;;;;;;,
backtest;680;;173.77;170.2965;0.137767747;0.13491711;;;;;;;;;;,
backtest;681;;167.65;172.34305;0.132745178;0.13659668;;;;;;;;;;,
backtest;682;;178.39;170.16304;0.141559294;0.13480759;;;;;;;;;;,
backtest;683;;191.93;171.73273;0.152671317;0.1360958;;;;;;;;;;,
backtest;684;;192.65;178.97989;0.153262208;0.14204341;;;;;;;;;;,
backtest;685;;193.23;185.26332;0.153738203;0.14720011;;;;;;;;;;,
backtest;686;;198.02;189.02069;0.157669265;0.15028371;;;;;;;;;;,
backtest;687;;203.65;192.39037;0.1622897;0.15304914;;;;;;;;;;,
backtest;688;;191.62;196.40436;0.152416906;0.15634334;;;;;;;;;;,
backtest;689;;195.37;194.13129;0.15549446;0.15447788;;;;;;;;;;,
backtest;690;;209.43;192.39763;0.167033238;0.1530551;;;;;;;;;;,
backtest;691;;217.09;197.00119;0.173319655;0.15683316;;;;;;;;;;,
backtest;692;;211;204.64163;0.168321707;0.16310352;;;;;;;;;;,
backtest;693;;210.89;207.81253;0.168231432;0.16570581;;;;;;;;;;,
backtest;694;;221.73;208.446;0.177127616;0.16622569;;;;;;;;;;,
backtest;695;;222.05;212.3168;0.177390234;0.16940239;;;;;;;;;;,
backtest;696;;223.37;215.61435;0.178473533;0.17210862;;;;;;;;;;,
backtest;697;;212.65;217.9481;0.169675831;0.1740239;;;;;;;;;;,
backtest;698;;217.88;214.79291;0.173967993;0.17143448;;;;;;;;;;,
backtest;699;;229.71;213.38057;0.183676652;0.1702754;;;;;;;;;;,
backtest;700;;227.64;217.67337;0.181977842;0.17379843;;;;;;;;;;,
backtest;701;;220.02;221.13669;0.175724251;0.1766407;;;;;;;;;;,
backtest;702;;213.88;220.10077;0.170685269;0.17579055;;;;;;;;;;,
backtest;703;;206.55;215.80258;0.164669676;0.1722631;;;;;;;;;;,
backtest;704;;207.54;209.37912;0.16548215;0.16699149;;;;;;;;;;,
backtest;705;;236.64;205.36201;0.189363972;0.16369472;;;;;;;;;;,
backtest;706;;232.86;215.28275;0.186261797;0.17183648;;;;;;;;;;,
backtest;707;;235.01;223.89249;0.188026262;0.17890233;;;;;;;;;;,
backtest;708;;232.16;229.7739;0.18568732;0.1837291;;;;;;;;;;,
backtest;709;;226.98;231.36751;0.181436192;0.18503694;;;;;;;;;;,
backtest;710;;233.14;228.85344;0.186491588;0.1829737;;;;;;;;;;,
backtest;711;;238.9;228.37039;0.191218712;0.18257727;;;;;;;;;;,
backtest;712;;235.54;230.75055;0.188461223;0.18453062;;;;;;;;;;,
backtest;713;;232.88;231.61708;0.186278211;0.18524176;;;;;;;;;;,
backtest;714;;241.81;230.66133;0.193606894;0.18445739;;;;;;;;;;,
backtest;715;;234.36;233.08176;0.187492819;0.18644379;;;;;;;;;;,
backtest;716;;229.65;232.53189;0.183627411;0.18599252;;;;;;;;;;,
backtest;717;;229.66;229.54694;0.183635618;0.18354283;;;;;;;;;;,
backtest;718;;240.63;227.09123;0.19263849;0.18152748;;;;;;;;;;,
backtest;719;;242.28;230.13933;0.193992614;0.184029;;;;;;;;;;,
backtest;720;;255.41;234.2598;0.204768158;0.1874106;;;;;;;;;;,
backtest;721;;257.25;242.36835;0.206278211;0.19406512;;;;;;;;;;,
backtest;722;;259;249.11084;0.207714403;0.19959857;;;;;;;;;;,
backtest;723;;261.99;253.40804;0.21016824;0.2031252;;;;;;;;;;,
backtest;724;;264.68;256.29398;0.212375872;0.20549363;;;;;;;;;;,
backtest;725;;271.91;258.44547;0.218309397;0.20725931;;;;;;;;;;,
backtest;726;;267.79;262.14374;0.21492819;0.21029441;;;;;;;;;;,
backtest;727;;265.31;263.00464;0.212892901;0.21100093;;;;;;;;;;,
backtest;728;;264.1;261.63007;0.211899877;0.20987284;;;;;;;;;;,
backtest;729;;269.84;259.60696;0.216610587;0.20821254;;;;;;;;;;,
backtest;730;;273.83;260.46732;0.219885105;0.20891862;;;;;;;;;;,
backtest;731;;277.77;263.42773;0.223118588;0.21134818;;;;;;;;;;,
backtest;732;;279.65;267.47833;0.224661469;0.21467242;;;;;;;;;;,
backtest;733;;274.53;271.06763;0.220459581;0.21761808;;;;;;;;;;,
backtest;734;;268.81;271.10522;0.215765285;0.21764894;;;;;;;;;;,
backtest;735;;270.37;267.8378;0.217045548;0.21496741;;;;;;;;;;,
backtest;736;;275.79;265.53214;0.22149364;0.2130752;;;;;;;;;;,
backtest;737;;271.69;266.5675;0.218128847;0.21392491;;;;;;;;;;,
backtest;738;;264.95;266.58987;0.212597456;0.21394327;;;;;;;;;;,
backtest;739;;264.63;263.77054;0.212334838;0.21162951;;;;;;;;;;,
backtest;740;;267.58;261.2447;0.214755847;0.2095566;;;;;;;;;;,
backtest;741;;270.02;261.03552;0.216758309;0.20938492;;;;;;;;;;,
backtest;742;;276.67;262.6363;0.222215839;0.21069863;;;;;;;;;;,
backtest;743;;279.31;266.85742;0.224382437;0.21416286;;;;;;;;;;,
backtest;744;;271.04;271.23758;0.217595404;0.21775757;;;;;;;;;;,
backtest;745;;271.19;270.63202;0.217718506;0.21726058;;;;;;;;;;,
backtest;746;;270.42;268.83826;0.217086582;0.21578848;;;;;;;;;;,
backtest;747;;262.41;266.97873;0.210512926;0.2142624;;;;;;;;;;,
backtest;748;;269.56;262.5891;0.216380796;0.21065992;;;;;;;;;;,
backtest;749;;272.26;262.07394;0.218596635;0.21023713;;;;;;;;;;,
backtest;750;;277.49;263.94595;0.222888798;0.21177346;;;;;;;;;;,
backtest;751;;289.1;267.92224;0.232416906;0.21503673;;;;;;;;;;,
backtest;752;;282.1;275.57346;0.226672138;0.22131594;;;;;;;;;;,
backtest;753;;278.02;278.4125;0.223323759;0.2236459;;;;;;;;;;,
backtest;754;;275.62;277.07828;0.221354124;0.2225509;;;;;;;;;;,
backtest;755;;286.8;273.95694;0.230529339;0.2199893;;;;;;;;;;,
backtest;756;;291.51;275.83505;0.234394748;0.22153063;;;;;;;;;;,
backtest;757;;285.71;280.14087;0.229634797;0.22506432;;;;;;;;;;,
backtest;758;;288.85;281.13452;0.232211736;0.2258798;;;;;;;;;;,
backtest;759;;285.78;282.05508;0.229692245;0.22663529;;;;;;;;;;,
backtest;760;;283.4;281.29678;0.227739023;0.22601296;;;;;;;;;;,
backtest;761;;289.53;279.38873;0.232769799;0.22444706;;;;;;;;;;,
backtest;762;;292.13;280.33304;0.23490357;0.22522202;;;;;;;;;;,
backtest;763;;301.78;282.7424;0.242823143;0.22719935;;;;;;;;;;,
backtest;764;;316.78;288.49448;0.255133361;0.23191997;;;;;;;;;;,
backtest;765;;312.64;298.86932;0.251735741;0.24043441;;;;;;;;;;,
backtest;766;;311.76;304.70627;0.251013541;0.24522468;;;;;;;;;;,
backtest;767;;306.88;306.47537;0.247008617;0.24667655;;;;;;;;;;,
backtest;768;;305.38;304.2039;0.245777595;0.24481238;;;;;;;;;;,
backtest;769;;379.8;300.85507;0.306852688;0.24206409;;;;;;;;;;,
backtest;770;;389.46;327.91922;0.314780468;0.2642751;;;;;;;;;;,
backtest;771;;401.11;356.32187;0.324341403;0.28758463;;;;;;;;;;,
backtest;772;;378.34;378.34897;0.305654493;0.30566186;;;;;;;;;;,
backtest;773;;397.7;380.20355;0.321542881;0.3071839;;;;;;;;;;,
backtest;774;;393.27;382.57922;0.317907263;0.30913356;;;;;;;;;;,
backtest;775;;391.71;381.4518;0.316627;0.30820832;;;;;;;;;;,
backtest;776;;386.54;378.68964;0.312384079;0.30594143;;;;;;;;;;,
backtest;777;;374.75;374.30923;0.302708248;0.30234653;;;;;;;;;;,
backtest;778;;385.1;366.61908;0.311202298;0.29603535;;;;;;;;;;,
backtest;779;;387.7;365.46915;0.313336069;0.29509163;;;;;;;;;;,
backtest;780;;394.82;368.02066;0.319179319;0.2971856;;;;;;;;;;,
backtest;781;;410.22;373.93948;0.331817809;0.30204308;;;;;;;;;;,
backtest;782;;429.97;384.96677;0.348026262;0.31109297;;;;;;;;;;,
backtest;783;;426.53;401.08917;0.345203119;0.3243243;;;;;;;;;;,
backtest;784;;426.92;410.8271;0.345523184;0.33231604;;;;;;;;;;,
backtest;785;;438.08;414.88208;0.354681986;0.3356439;;;;;;;;;;,
backtest;786;;430.45;419.76392;0.348420189;0.33965033;;;;;;;;;;,
backtest;787;;430.25;419.4389;0.348256053;0.3393836;;;;;;;;;;,
backtest;788;;422.09;417.44406;0.341559294;0.33774647;;;;;;;;;;,
backtest;789;;406.32;412.32635;0.328617152;0.33354646;;;;;;;;;;,
backtest;790;;418.76;402.03192;0.338826426;0.325098;;;;;;;;;;,
backtest;791;;411.17;399.5167;0.332597456;0.3230338;;;;;;;;;;,
backtest;792;;408.22;397.36926;0.330176446;0.32127145;;;;;;;;;;,
backtest;793;;423.02;395.49667;0.342322528;0.31973466;;;;;;;;;;,
backtest;794;;424.13;400.6824;0.343233484;0.3239905;;;;;;;;;;,
backtest;795;;423.17;406.4719;0.34244563;0.32874182;;;;;;;;;;,
backtest;796;;421.03;409.95657;0.340689372;0.33160162;;;;;;;;;;,
backtest;797;;425.03;410.59238;0.343972097;0.33212343;;;;;;;;;;,
backtest;798;;421.8;411.67688;0.341321297;0.33301345;;;;;;;;;;,
backtest;799;;424.05;410.99457;0.343167829;0.3324535;;;;;;;;;;,
backtest;800;;439.02;410.88202;0.355453426;0.33236113;;;;;;;;;;,
backtest;801;;459.77;416.80203;0.372482561;0.33721957;;;;;;;;;;,
backtest;802;;454.69;430.14508;0.3683135;0.34816995;;;;;;;;;;,
backtest;803;;464.61;438.04733;0.376454657;0.35465518;;;;;;;;;;,
backtest;804;;474.94;445.05566;0.384932294;0.3604068;;;;;;;;;;,
backtest;805;;470.77;452.68384;0.381510053;0.3666671;;;;;;;;;;,
backtest;806;;455.2;455.32852;0.368732048;0.36883754;;;;;;;;;;,
backtest;807;;443.09;449.0109;0.358793599;0.36365277;;;;;;;;;;,
backtest;808;;446.12;437.65475;0.361280263;0.354333;;;;;;;;;;,
backtest;809;;456.79;430.52795;0.370036931;0.34848416;;;;;;;;;;,
backtest;810;;454.52;431.78586;0.368173984;0.3495165;;;;;;;;;;,
backtest;811;;459;434.2969;0.371850636;0.35157728;;;;;;;;;;,
backtest;812;;467.5;438.3866;0.378826426;0.35493362;;;;;;;;;;,
backtest;813;;467.29;444.92456;0.378654083;0.3602992;;;;;;;;;;,
backtest;814;;465.07;449.54465;0.376832171;0.3640908;;;;;;;;;;,
backtest;815;;442.69;450.91904;0.358465326;0.36521876;;;;;;;;;;,
backtest;816;;445.15;441.85422;0.360484202;0.3577794;;;;;;;;;;,
backtest;817;;446.8;434.4279;0.361838326;0.35168478;;;;;;;;;;,
backtest;818;;454.165;430.985;0.367882643;0.34885925;;;;;;;;;;,
backtest;819;;446.64;433.10126;0.361707017;0.35059604;;;;;;;;;;,
backtest;820;;425.54;433.1547;0.344390644;0.35063988;;;;;;;;;;,
backtest;821;;423.88;424.48773;0.343028314;0.34352708;;;;;;;;;;,
backtest;822;;408.55;416.3788;0.330447271;0.33687225;;;;;;;;;;,
backtest;823;;437.53;405.69284;0.354230611;0.32810247;;;;;;;;;;,
backtest;824;;439.4;410.3379;0.355765285;0.33191457;;;;;;;;;;,
backtest;825;;434.86;418.31757;0.352039393;0.33846334;;;;;;;;;;,
backtest;826;;433.435;422.56616;0.350869922;0.3419501;;;;;;;;;;,
backtest;827;;432.99;423.5994;0.350504719;0.34279802;;;;;;;;;;,
backtest;828;;469.67;422.98764;0.380607304;0.34229597;;;;;;;;;;,
backtest;829;;456.68;436.47116;0.369946656;0.35336164;;;;;;;;;;,
backtest;830;;471.16;442.94446;0.381830119;0.35867417;;;;;;;;;;,
backtest;831;;471.63;450.47177;0.382215839;0.36485168;;;;;;;;;;,
backtest;832;;460.18;454.9691;0.37281904;0.36854255;;;;;;;;;;,
backtest;833;;468.35;451.85037;0.379524005;0.36598307;;;;;;;;;;,
backtest;834;;487.84;450.74167;0.395519081;0.36507317;;;;;;;;;;,
backtest;835;;492.64;458.02457;0.39945835;0.37105012;;;;;;;;;;,
backtest;836;;493.55;466.46796;0.40020517;0.37797946;;;;;;;;;;,
backtest;837;;485.09;472.1668;0.393262208;0.3826564;;;;;;;;;;,
backtest;838;;485.48;471.3449;0.393582273;0.38198188;;;;;;;;;;,
backtest;839;;470.61;469.0369;0.381378744;0.38008773;;;;;;;;;;,
backtest;840;;462.41;461.19022;0.374649159;0.3736481;;;;;;;;;;,
backtest;841;;455.72;451.76776;0.369158802;0.36591527;;;;;;;;;;,
backtest;842;;451.78;443.19034;0.365925318;0.35887596;;;;;;;;;;,
backtest;843;;448.7;437.0939;0.36339762;0.35387272;;;;;;;;;;,
backtest;844;;454.85;433.35974;0.368444809;0.35080817;;;;;;;;;;,
backtest;845;;455.81;434.75305;0.369232663;0.35195163;;;;;;;;;;,
backtest;846;;439;437.83997;0.355437013;0.354485;;;;;;;;;;,
backtest;847;;439.66;433.84198;0.355978662;0.35120392;;;;;;;;;;,
backtest;848;;435.2;429.96866;0.352318424;0.34802517;;;;;;;;;;,
backtest;849;;422.39;425.892;0.341805499;0.34467953;;;;;;;;;;,
backtest;850;;410.17;418.4043;0.331776775;0.3385345;;;;;;;;;;,
backtest;851;;416.1;408.21753;0.336643414;0.33017442;;;;;;;;;;,
backtest;852;;422.22;403.8561;0.341665983;0.3265951;;;;;;;;;;,
backtest;853;;419.11;405.46408;0.339113664;0.3279147;;;;;;;;;;,
backtest;854;;424.68;407.08716;0.343684858;0.32924676;;;;;;;;;;,
backtest;855;;430.89;410.4529;0.348781288;0.33200896;;;;;;;;;;,
backtest;856;;434.99;415.41437;0.352146081;0.33608073;;;;;;;;;;,
backtest;857;;447.82;420.33405;0.362675421;0.34011823;;;;;;;;;;,
backtest;858;;435.17;428.14334;0.352293804;0.34652716;;;;;;;;;;,
backtest;859;;440.41;428.25412;0.356594173;0.3466181;;;;;;;;;;,
backtest;860;;446.88;427.96863;0.36190398;0.34638378;;;;;;;;;;,
backtest;861;;457.62;429.83777;0.370718096;0.34791774;;;;;;;;;;,
backtest;862;;452.73;435.53214;0.366704965;0.352591;;;;;;;;;;,
backtest;863;;457.98;437.86172;0.371013541;0.35450286;;;;;;;;;;,
backtest;864;;468.06;440.2839;0.379286007;0.3564907;;;;;;;;;;,
backtest;865;;469.45;445.55167;0.380426754;0.36081386;;;;;;;;;;,
backtest;866;;454.61;449.87534;0.368247846;0.3643622;;;;;;;;;;,
backtest;867;;460.95;446.21725;0.373450964;0.36136007;;;;;;;;;;,
backtest;868;;439.38;444.23517;0.355748872;0.35973343;;;;;;;;;;,
backtest;869;;421.96;434.82632;0.341452606;0.35201177;;;;;;;;;;,
backtest;870;;421.01;420.36752;0.340672959;0.3401457;;;;;;;;;;,
backtest;871;;413.87;410.14957;0.334813295;0.33176002;;;;;;;;;;,
backtest;872;;429.75;402.73764;0.347845712;0.3256772;;;;;;;;;;,
backtest;873;;436.63;405.97256;0.353491998;0.32833204;;;;;;;;;;,
backtest;874;;417.79;414.1427;0.338030365;0.3350371;;;;;;;;;;,
backtest;875;;403.26;413.39664;0.326105868;0.33442482;;;;;;;;;;,
backtest;876;;405;404.96225;0.327533853;0.32750288;;;;;;;;;;,
backtest;877;;411.61;398.42853;0.332958556;0.32214078;;;;;;;;;;,
backtest;878;;407.8;397.58075;0.32983176;0.32144502;;;;;;;;;;,
backtest;879;;423.25;397.2165;0.342511284;0.32114607;;;;;;;;;;,
backtest;880;;435.06;403.38586;0.352203529;0.32620916;;;;;;;;;;,
backtest;881;;450.05;413.56635;0.36450554;0.3345641;;;;;;;;;;,
backtest;882;;457.51;426.63446;0.370627821;0.34528884;;;;;;;;;;,
backtest;883;;459.55;437.94714;0.372302011;0.35457295;;;;;;;;;;,
backtest;884;;465.74;444.5842;0.377382027;0.36001986;;;;;;;;;;,
backtest;885;;469.5;449.1154;0.380467788;0.36373854;;;;;;;;;;,
backtest;886;;483.35;452.09564;0.391834222;0.36618435;;;;;;;;;;,
backtest;887;;486.2;458.4234;0.394173164;0.37137744;;;;;;;;;;,
backtest;888;;496.56;463.81638;0.402675421;0.37580335;;;;;;;;;;,
backtest;889;;488.88;470.6408;0.396372589;0.38140404;;;;;;;;;;,
backtest;890;;494.8;471.81445;0.401231022;0.38236722;;;;;;;;;;,
backtest;891;;492.98;473.14017;0.399737382;0.38345522;;;;;;;;;;,
backtest;892;;504.09;473.07718;0.40885515;0.3834035;;;;;;;;;;,
backtest;893;;499.44;477.01547;0.405038982;0.3866356;;;;;;;;;;,
backtest;894;;487.16;478.63522;0.394961018;0.3879649;;;;;;;;;;,
backtest;895;;477.76;474.243;0.387246615;0.38436028;;;;;;;;;;,
backtest;896;;482.42;466.35544;0.391070989;0.3778871;;;;;;;;;;,
backtest;897;;478.21;462.6564;0.387615921;0.37485138;;;;;;;;;;,
backtest;898;;481.4;460.16013;0.390233894;0.37280273;;;;;;;;;;,
backtest;899;;467.7;460.66614;0.378990562;0.373218;;;;;;;;;;,
backtest;900;;467.65;456.69965;0.378949528;0.36996278;;;;;;;;;;,
backtest;901;;455.1;453.41434;0.368649979;0.3672666;;;;;;;;;;,
backtest;902;;465.66;446.85046;0.377316373;0.36187974;;;;;;;;;;,
backtest;903;;455.03;446.45517;0.368592532;0.36155534;;;;;;;;;;,
backtest;904;;465.96;443.87103;0.377562577;0.35943457;;;;;;;;;;,
backtest;905;;475.06;446.31372;0.385030776;0.36143926;;;;;;;;;;,
backtest;906;;466.27;452.85837;0.377816988;0.36681032;;;;;;;;;;,
backtest;907;;476.57;454.45682;0.386270004;0.36812213;;;;;;;;;;,
backtest;908;;480.88;458.09872;0.38980714;0.37111098;;;;;;;;;;,
backtest;909;;483.5;462.2875;0.391957325;0.37454864;;;;;;;;;;,
backtest;910;;488.9;465.76013;0.396389003;0.37739855;;;;;;;;;;,
backtest;911;;500.77;469.50897;0.406130488;0.38047516;;;;;;;;;;,
backtest;912;;496.04;476.24564;0.402248666;0.38600382;;;;;;;;;;,
backtest;913;;481.11;478.9106;0.389995897;0.3881909;;;;;;;;;;,
backtest;914;;489.9;473.23535;0.397209684;0.38353333;;;;;;;;;;,
backtest;915;;488.3;470.80475;0.395896594;0.38153857;;;;;;;;;;,
backtest;916;;492.79;469.40488;0.399581453;0.38038972;;;;;;;;;;,
backtest;917;;494.17;470.67365;0.400713993;0.38143098;;;;;;;;;;,
backtest;918;;495.22;472.82336;0.401575708;0.38319522;;;;;;;;;;,
backtest;919;;495.22;474.89618;0.401575708;0.38489634;;;;;;;;;;,
backtest;920;;481.68;476.21466;0.390463685;0.3859784;;;;;;;;;;,
backtest;921;;475.69;471.46094;0.385547805;0.3820771;;;;;;;;;;,
backtest;922;;479.98;464.63202;0.389068527;0.37647274;;;;;;;;;;,
backtest;923;;490.97;461.6944;0.398087813;0.37406188;;;;;;;;;;,
backtest;924;;522.53;465.50897;0.42398851;0.37719244;;;;;;;;;;,
backtest;925;;531.4;482.35513;0.431267952;0.39101776;;;;;;;;;;,
backtest;926;;543.5;499.6087;0.441198195;0.40517744;;;;;;;;;;,
backtest;927;;548.22;514.7935;0.44507181;0.41763932;;;;;;;;;;,
backtest;928;;547.1;524.706;0.444152647;0.42577434;;;;;;;;;;,
backtest;929;;563.82;528.07446;0.457874436;0.42853874;;;;;;;;;;,
backtest;930;;560.53;534.1828;0.455174395;0.43355173;;;;;;;;;;,
backtest;931;;571.07;536.57635;0.463824374;0.4355161;;;;;;;;;;,
backtest;932;;594.91;540.7292;0.483389413;0.43892422;;;;;;;;;;,
backtest;933;;596.54;552.7615;0.484727124;0.44879892;;;;;;;;;;,
backtest;934;;598.73;562.49054;0.486524415;0.45678338;;;;;;;;;;,
backtest;935;;613.62;568.38354;0.498744358;0.46161965;;;;;;;;;;,
backtest;936;;616.17;576.47986;0.500837095;0.46826416;;;;;;;;;;,
backtest;937;;610.31;582.5907;0.496027903;0.4732792;;;;;;;;;;,
backtest;938;;624.65;583.16833;0.507796471;0.47375327;;;;;;;;;;,
backtest;939;;627.74;587.488;0.510332376;0.4772983;;;;;;;;;;,
backtest;940;;615.27;592.108;0.500098482;0.48108986;;;;;;;;;;,
backtest;941;;630.27;590.02466;0.512408699;0.47938013;;;;;;;;;;,
backtest;942;;661.6;592.9372;0.53812064;0.48177037;;;;;;;;;;,
backtest;943;;693.32;608.3579;0.564152647;0.49442586;;;;;;;;;;,
backtest;944;;682.23;633.46265;0.555051293;0.51502883;;;;;;;;;;,
backtest;945;;700.99;646.5778;0.570447271;0.5257922;;;;;;;;;;,
backtest;946;;696.41;658.28815;0.566688551;0.53540266;;;;;;;;;;,
backtest;947;;721.33;662.3172;0.587139926;0.5387092;;;;;;;;;;,
backtest;948;;722.48;671.80646;0.588083709;0.54649687;;;;;;;;;;,
backtest;949;;721.28;678.6963;0.587098892;0.5521512;;;;;;;;;;,
backtest;950;;739;681.2288;0.601641362;0.5542296;;;;;;;;;;,
backtest;951;;726.58;688.18396;0.591448502;0.5599376;;;;;;;;;;,
backtest;952;;726.13;688.308;0.591079196;0.56003934;;;;;;;;;;,
backtest;953;;694.52;686.299;0.565137464;0.5583906;;;;;;;;;;,
backtest;954;;674.72;672.02893;0.548887977;0.54667944;;;;;;;;;;,
backtest;955;;785.38;652.63916;0.639704555;0.5307666;;;;;;;;;;,
backtest;956;;788.17;683.5542;0.641994255;0.55613804;;;;;;;;;;,
backtest;957;;790.92;716.7416;0.644251128;0.58337426;;;;;;;;;;,
backtest;958;;787.01;738.95374;0.641042265;0.6016034;;;;;;;;;;,
backtest;959;;776.63;747.4369;0.632523595;0.60856533;;;;;;;;;;,
backtest;960;;791.12;743.8959;0.644415265;0.6056593;;;;;;;;;;,
backtest;961;;822.79;743.28674;0.670406237;0.6051594;;;;;;;;;;,
backtest;962;;852.37;755.26306;0.694681986;0.61498815;;;;;;;;;;,
backtest;963;;859.64;776.8137;0.700648338;0.63267434;;;;;;;;;;,
backtest;964;;887;794.7127;0.723102175;0.6473637;;;;;;;;;;,
backtest;965;;926.69;814.67944;0.75567501;0.66375005;;;;;;;;;;,
backtest;966;;875.28;841.71265;0.713483792;0.6859357;;;;;;;;;;,
backtest;967;;857.74;838.81165;0.699089044;0.6835549;;;;;;;;;;,
backtest;968;;919.13;821.6624;0.749470661;0.6694808;;;;;;;;;;,
backtest;969;;908.88;830.547;0.741058679;0.67677224;;;;;;;;;;,
backtest;970;;879.44;838.12714;0.716897825;0.6829931;;;;;;;;;;,
backtest;971;;878.365;831.203;0.716015593;0.6773106;;;;;;;;;;,
backtest;972;;884.55;823.05707;0.721091506;0.6706254;;;;;;;;;;,
backtest;973;;893.98;820.36554;0.728830529;0.6684165;;;;;;;;;;,
backtest;974;;903.72;824.27124;0.736823964;0.67162186;;;;;;;;;;,
backtest;975;;914.35;832.65796;0.745547805;0.67850465;;;;;;;;;;,
backtest;976;;942.89;843.3072;0.768970045;0.6872443;;;;;;;;;;,
backtest;977;;950.02;861.5413;0.774821502;0.7022087;;;;;;;;;;,
backtest;978;;925.61;876.9991;0.754788675;0.7148946;;;;;;;;;;,
backtest;979;;902.5;875.74176;0.735822733;0.7138627;;;;;;;;;;,
backtest;980;;903.56;861.1665;0.736692655;0.7019011;;;;;;;;;;,
backtest;981;;903.63;848.7761;0.736750103;0.6917325;;;;;;;;;;,
backtest;982;;894.52;841.6758;0.729273697;0.6859054;;;;;;;;;;,
backtest;983;;889.64;835.54047;0.725268773;0.6808703;;;;;;;;;;,
backtest;984;;859.05;830.79785;0.700164136;0.6769781;;;;;;;;;;,
backtest;985;;880.08;817.00665;0.717423061;0.6656599;;;;;;;;;;,
backtest;986;;871.33;815.2272;0.710242101;0.66419953;;;;;;;;;;,
backtest;987;;853.54;814.4312;0.695642183;0.6635463;;;;;;;;;;,
backtest;988;;870.39;808.0002;0.709470661;0.6582685;;;;;;;;;;,
backtest;989;;906.16;809.6873;0.738826426;0.65965307;;;;;;;;;;,
backtest;990;;881.86;826.97516;0.718883874;0.6738409;;;;;;;;;;,
backtest;991;;860.01;832.07294;0.70095199;0.67802453;;;;;;;;;;,
backtest;992;;874.15;823.50946;0.712556422;0.67099667;;;;;;;;;;,
backtest;993;;840.35;819.9118;0.684817398;0.66804415;;;;;;;;;;,
backtest;994;;846.71;805.4493;0.690036931;0.656175;;;;;;;;;;,
backtest;995;;762;796.4788;0.620517029;0.6488131;;;;;;;;;;,
backtest;996;;795.18;759.5361;0.64774723;0.6184949;;;;;;;;;;,
backtest;997;;824.23;743.7237;0.671588018;0.605518;;;;;;;;;;,
backtest;998;;796.77;751.6972;0.649052113;0.6120617;;;;;;;;;;,
backtest;999;;826.32;753.14154;0.673303242;0.61324704;;;;;;;;;;,
backtest;1000;;877.35;764.94495;0.715182602;0.62293386;;;;;;;;;;,
backtest;1001;;877.57;794.8495;0.715363151;0.64747596;;;;;;;;;;,
backtest;1002;;864.02;817.35126;0.704242922;0.6659427;;;;;;;;;;,
backtest;1003;;830.41;823.0915;0.676659828;0.67065364;;;;;;;;;;,
backtest;1004;;858.17;807.94275;0.699441937;0.65822136;;;;;;;;;;,
backtest;1005;;887.89;803.06354;0.723832581;0.65421706;;;;;;;;;;,
backtest;1006;;921.4;813.36957;0.751333607;0.662675;;;;;;;;;;,
backtest;1007;;905.54;836.17664;0.738317604;0.6813924;;;;;;;;;;,
backtest;1008;;904.12;846.6685;0.737152236;0.69000286;;;;;;;;;;,
backtest;1009;;887.47;848.8259;0.723487895;0.6917734;;;;;;;;;;,
backtest;1010;;898.78;840.7111;0.732769799;0.6851137;;;;;;;;;;,
backtest;1011;;903.99;837.0295;0.737045548;0.6820923;;;;;;;;;;,
backtest;1012;;913.56;837.6493;0.744899467;0.682601;;;;;;;;;;,
backtest;1013;;946.3;842.8893;0.771768568;0.68690133;;;;;;;;;;,
backtest;1014;;943.59;860.09296;0.769544522;0.70102006;;;;;;;;;;,
backtest;1015;;924.79;872.43317;0.754115716;0.7111474;;;;;;;;;;,
backtest;1016;;947.8;871.3274;0.77299959;0.71023995;;;;;;;;;;,
backtest;1017;;953.86;875.6913;0.777972918;0.7138213;;;;;;;;;;,
backtest;1018;;949.5;881.51294;0.774394748;0.718599;;;;;;;;;;,
backtest;1019;;1037.99;883.4933;0.847016824;0.72022426;;;;;;;;;;,
backtest;1020;;1064.69;917.5457;0.868929011;0.74817044;;;;;;;;;;,
backtest;1021;;1139.01;955.7217;0.929922035;0.7795007;;;;;;;;;;,
backtest;1022;;1148.25;1007.4467;0.937505129;0.8219505;;;;;;;;;;,
backtest;1023;;1105;1043.7931;0.902010669;0.8517793;;;;;;;;;;,
backtest;1024;;1096.33;1043.4996;0.894895363;0.8515384;;;;;;;;;;,
backtest;1025;;1150;1028.4713;0.938941321;0.839205;;;;;;;;;;,
backtest;1026;;1164.37;1033.8658;0.95073451;0.8436322;;;;;;;;;;,
backtest;1027;;1224.4;1046.3953;1;0.8539148;;;;;;;;;;,
backtest;1028;;1209.98;1078.0787;0.988165778;0.87991685;;;;;;;;;;,
backtest;1029;;1208.88;1096.039;0.987263028;0.8946565;;;;;;;;;;,
backtest;1030;;121.79;1102.656;0.09510874;0.90008694;;;;;;;;;;,
backtest;1031;;120.91;689.0798;0.094386541;0.56067276;;;;;;;;;;,
backtest;1032;;125.2;323.71002;0.097907263;0.26082072;;;;;;;;;;,
backtest;1033;;129.61;119.259315;0.101526467;0.09303185;;;;;;;;;;,
backtest;1034;;131.88;54.273567;0.103389413;0.039699275;;;;;;;;;;,
backtest;1035;;130.98;69.49604;0.1026508;0.05219207;;;;;;;;;;,
backtest;1036;;135.58;113.46517;0.106425934;0.08827671;;;;;;;;;;,
backtest;1037;;130.78;158.16563;0.102486664;0.12496154;;;;;;;;;;,
backtest;1038;;126.57;187.04254;0.099031596;0.14866027;;;;;;;;;;,
backtest;1039;;118.11;198.08716;0.092088634;0.15772438;;;;;;;;;;,
backtest;1040;;126.09;193.492;0.098637669;0.15395322;;;;;;;;;;,
backtest;1041;;126.4;185.4319;0.09889208;0.14733845;;;;;;;;;;,
backtest;1042;;123.99;175.383;0.096914239;0.1390915;;;;;;;;;;,
backtest;1043;;123.54;163.95828;0.096544932;0.12971546;;;;;;;;;;,
backtest;1044;;124.3;153.25133;0.09716865;0.12092847;;;;;;;;;;,
backtest;1045;;122.67;144.62936;0.09583094;0.113852575;;;;;;;;;;,
backtest;1046;;128.28;137.27568;0.100434961;0.107817546;;;;;;;;;;,
backtest;1047;;125.83;133.89859;0.098424292;0.10504603;;;;;;;;;;,
backtest;1048;;128.2;130.8575;0.100369307;0.10255026;;;;;;;;;;,
backtest;1049;;131.38;129.30708;0.102979073;0.10127787;;;;;;;;;;,
backtest;1050;;134.91;129.46336;0.105876077;0.10140612;;;;;;;;;;,
backtest;1051;;127.4;132.24014;0.099712762;0.10368498;;;;;;;;;;,
backtest;1052;;129.24;131.12904;0.101222815;0.102773115;;;;;;;;;;,
backtest;1053;;128.44;129.99913;0.10056627;0.10184582;;;;;;;;;;,
backtest;1054;;126.36;128.89702;0.098859253;0.10094133;;;;;;;;;;,
backtest;1055;;117.99;127.38592;0.091990152;0.0997012;;;;;;;;;;,
backtest;1056;;121.09;123.06924;0.094534263;0.09615859;;;;;;;;;;,
backtest;1057;;117.93;120.91909;0.091940911;0.094394;;;;;;;;;;,
backtest;1058;;123.54;119.06168;0.096544932;0.09286966;;;;;;;;;;,
backtest;1059;;122.59;120.36493;0.095765285;0.09393921;;;;;;;;;;,
backtest;1060;;114.25;121.80748;0.088920804;0.09512308;;;;;;;;;;,
backtest;1061;;112.28;119.5254;0.087304062;0.09325022;;;;;;;;;;,
backtest;1062;;113.06;116.344284;0.087944194;0.09063954;;;;;;;;;;,
backtest;1063;;111.59;114.45595;0.086737792;0.08908982;;;;;;;;;;,
backtest;1064;;103.73;113.118576;0.080287238;0.087992266;;;;;;;;;;,
backtest;1065;;117.02;109.42229;0.091194091;0.08495879;;;;;;;;;;,
backtest;1066;;109.21;111.80497;0.084784571;0.08691421;;;;;;;;;;,
backtest;1067;;107.27;111.93151;0.08319245;0.087018065;;;;;;;;;;,
backtest;1068;;100.45;110.67464;0.077595404;0.08598657;;;;;;;;;;,
backtest;1069;;104.25;106.8057;0.080713993;0.08281141;;;;;;;;;;,
backtest;1070;;98.91;105.17471;0.076331555;0.08147289;;;;;;;;;;,
backtest;1071;;104.97;102.69586;0.081304883;0.07943854;;;;;;;;;;,
backtest;1072;;104.75;103.38509;0.081124333;0.08000418;;;;;;;;;;,
backtest;1073;;109.02;104.64504;0.084628642;0.08103819;;;;;;;;;;,
backtest;1074;;116.14;107.2961;0.090471892;0.083213866;;;;;;;;;;,
backtest;1075;;118.08;112.093605;0.092064013;0.08715109;;;;;;;;;;,
backtest;1076;;122.86;116.32567;0.095986869;0.090624265;;;;;;;;;;,
backtest;1077;;124.58;120.49499;0.097398441;0.094045945;;;;;;;;;;,
backtest;1078;;130;123.50686;0.101846533;0.096517734;;;;;;;;;;,
backtest;1079;;127.25;126.930016;0.099589659;0.09932705;;;;;;;;;;,
backtest;1080;;128.5;127.83218;0.100615511;0.10006744;;;;;;;;;;,
backtest;1081;;123.74;127.99078;0.096709069;0.100197606;;;;;;;;;;,
backtest;1082;;129.37;125.84963;0.101329503;0.0984404;;;;;;;;;;,
backtest;1083;;126.46;126.044464;0.098941321;0.0986003;;;;;;;;;;,
backtest;1084;;128.3;125.66891;0.100451375;0.09829208;;;;;;;;;;,
backtest;1085;;125.61;126.08639;0.098243742;0.098634705;;;;;;;;;;,
backtest;1086;;117.59;125.566;0.091661879;0.09820763;;;;;;;;;;,
backtest;1087;;119.37;121.92848;0.093122692;0.09522239;;;;;;;;;;,
backtest;1088;;108;119.62459;0.083791547;0.09333163;;;;;;;;;;,
backtest;1089;;106.21;114.22413;0.082322528;0.08889957;;;;;;;;;;,
backtest;1090;;107.21;109.50822;0.083143209;0.08502931;;;;;;;;;;,
backtest;1091;;102.83;107.39861;0.079548625;0.083298;;;;;;;;;;,
backtest;1092;;106.47;105.32713;0.082535905;0.08159798;;;;;;;;;;,
backtest;1093;;108.1;105.72411;0.083873615;0.08192377;;;;;;;;;;,
backtest;1094;;116.91;107.45347;0.091103816;0.083343014;;;;;;;;;;,
backtest;1095;;119.14;112.446724;0.092933935;0.087440886;;;;;;;;;;,
backtest;1096;;119.1;117.29542;0.092901108;0.09142012;;;;;;;;;;,
backtest;1097;;116.78;120.1041;0.090997128;0.09372515;;;;;;;;;;,
backtest;1098;;115.59;120.13644;0.090020517;0.09375169;;;;;;;;;;,
backtest;1099;;113.37;118.663666;0.088198605;0.09254301;;;;;;;;;;,
backtest;1100;;117.87;116.260994;0.09189167;0.09057119;;;;;;;;;;,
backtest;1101;;116;116.17321;0.090356996;0.09049915;;;;;;;;;;,
backtest;1102;;116.26;115.9898;0.090570373;0.09034862;;;;;;;;;;,
backtest;1103;;120.87;115.96282;0.094353714;0.09032648;;;;;;;;;;,
backtest;1104;;123.51;117.836716;0.096520312;0.091864355;;;;;;;;;;,
backtest;1105;;124.04;120.5768;0.096955273;0.09411309;;;;;;;;;;,
backtest;1106;;121.4;122.71839;0.094788675;0.09587065;;;;;;;;;;,
backtest;1107;;121.44;122.79797;0.094821502;0.09593596;;;;;;;;;;,
backtest;1108;;117;122.219864;0.091177677;0.09546152;;;;;;;;;;,
backtest;1109;;118.85;119.885315;0.092695938;0.0935456;;;;;;;;;;,
backtest;1110;;122.85;118.67483;0.095978662;0.09255218;;;;;;;;;;,
backtest;1111;;124.92;119.84721;0.097677472;0.09351433;;;;;;;;;;,
backtest;1112;;127.72;122.11837;0.09997538;0.09537823;;;;;;;;;;,
backtest;1113;;132.89;124.97461;0.104218301;0.097722284;;;;;;;;;;,
backtest;1114;;132.65;128.93645;0.104021338;0.10097369;;;;;;;;;;,
backtest;1115;;134.81;131.52109;0.105794009;0.10309485;;;;;;;;;;,
backtest;1116;;134.8;133.48041;0.105785802;0.10470283;;;;;;;;;;,
backtest;1117;;138.07;134.3738;0.10846943;0.10543602;;;;;;;;;;,
backtest;1118;;131.6;135.79607;0.103159622;0.10660326;;;;;;;;;;,
backtest;1119;;135.72;134.16447;0.106540829;0.10526424;;;;;;;;;;,
backtest;1120;;136.93;133.88768;0.107533853;0.10503708;;;;;;;;;;,
backtest;1121;;138;134.54327;0.108411982;0.105575114;;;;;;;;;;,
backtest;1122;;143.71;135.66571;0.113098071;0.106496274;;;;;;;;;;,
backtest;1123;;143.59;138.78062;0.11299959;0.10905262;;;;;;;;;;,
backtest;1124;;139.56;141.21756;0.109692245;0.111052565;;;;;;;;;;,
backtest;1125;;140.41;140.92921;0.110389824;0.11081593;;;;;;;;;;,
backtest;1126;;141.54;140.29155;0.111317193;0.110292606;;;;;;;;;;,
backtest;1127;;140.52;140.21272;0.110480098;0.11022792;;;;;;;;;;,
backtest;1128;;141.25;139.917;0.111079196;0.10998523;;;;;;;;;;,
backtest;1129;;139.335;139.99858;0.109507591;0.11005218;;;;;;;;;;,
backtest;1130;;132.76;139.43324;0.104111613;0.10958822;;;;;;;;;;,
backtest;1131;;135.4;136.35625;0.106278211;0.10706299;;;;;;;;;;,
backtest;1132;;136.05;134.8674;0.106811654;0.105841115;;;;;;;;;;,
backtest;1133;;139.91;134.72171;0.109979483;0.10572155;;;;;;;;;;,
backtest;1134;;145.61;136.62851;0.114657366;0.10728642;;;;;;;;;;,
backtest;1135;;148.88;140.703;0.117340993;0.11063028;;;;;;;;;;,
backtest;1136;;147.63;145.12068;0.116315142;0.11425579;;;;;;;;;;,
backtest;1137;;145.26;147.38179;0.114370127;0.116111435;;;;;;;;;;,
backtest;1138;;148.29;147.10368;0.116856791;0.1158832;;;;;;;;;;,
backtest;1139;;146.27;147.27454;0.115199015;0.11602342;;;;;;;;;;,
backtest;1140;;146.76;146.56851;0.115601149;0.115444;;;;;;;;;;,
backtest;1141;;141.98;146.01768;0.111678293;0.11499195;;;;;;;;;;,
backtest;1142;;140.15;143.80804;0.110176446;0.11317854;;;;;;;;;;,
backtest;1143;;147.01;141.28514;0.115806319;0.111108035;;;;;;;;;;,
backtest;1144;;145.89;142.41716;0.114887156;0.11203706;;;;;;;;;;,
backtest;1145;;146.67;143.77907;0.115527288;0.113154754;;;;;;;;;;,
backtest;1146;;141.95;145.08061;0.111653673;0.11422291;;;;;;;;;;,
backtest;1147;;136.02;144.03896;0.106787033;0.11336804;;;;;;;;;;,
backtest;1148;;136.92;140.41957;0.107525646;0.110397674;;;;;;;;;;,
backtest;1149;;135.34;137.84332;0.10622897;0.1082834;;;;;;;;;;,
backtest;1150;;138.25;135.9765;0.108617152;0.10675133;;;;;;;;;;,
backtest;1151;;138.63;136.28279;0.108929011;0.107002705;;;;;;;;;;,
backtest;1152;;140.26;137.32391;0.110266721;0.10785713;;;;;;;;;;,
backtest;1153;;145.14;138.89206;0.114271645;0.10914408;;;;;;;;;;,
backtest;1154;;145.06;141.9471;0.114205991;0.11165129;;;;;;;;;;,
backtest;1155;;142.44;144.16443;0.112055806;0.11347102;;;;;;;;;;,
backtest;1156;;138.81;144.1748;0.109076734;0.11347953;;;;;;;;;;,
backtest;1157;;135.07;142.01851;0.106007386;0.1117099;;;;;;;;;;,
backtest;1158;;139.31;138.51201;0.109487074;0.10883217;;;;;;;;;;,
backtest;1159;;137.34;137.60558;0.107870332;0.108088285;;;;;;;;;;,
backtest;1160;;134.25;137.01852;0.105334428;0.1076065;;;;;;;;;;,
backtest;1161;;132;135.60168;0.103487895;0.10644373;;;;;;;;;;,
backtest;1162;;130.39;133.69133;0.102166598;0.10487593;;;;;;;;;;,
backtest;1163;;128.91;131.81561;0.10095199;0.103336565;;;;;;;;;;,
backtest;1164;;130.68;130.15913;0.102404596;0.10197713;;;;;;;;;;,
backtest;1165;;134.7;129.98975;0.105703734;0.10183811;;;;;;;;;;,
backtest;1166;;139.67;131.96182;0.109782519;0.10345656;;;;;;;;;;,
backtest;1167;;140.22;135.78722;0.110233894;0.106595986;;;;;;;;;;,
backtest;1168;;139.93;138.86856;0.109995897;0.10912479;;;;;;;;;;,
backtest;1169;;137.01;140.35854;0.107599508;0.110347584;;;;;;;;;;,
backtest;1170;;137.49;139.54083;0.107993435;0.10967651;;;;;;;;;;,
backtest;1171;;134.29;138.43513;0.105367255;0.10876908;;;;;;;;;;,
backtest;1172;;138.31;136.30115;0.108666393;0.10701776;;;;;;;;;;,
backtest;1173;;144.47;136.24477;0.113721789;0.10697149;;;;;;;;;;,
backtest;1174;;149.43;139.21542;0.117792368;0.10940946;;;;;;;;;;,
backtest;1175;;140.14;143.86755;0.11016824;0.11322737;;;;;;;;;;,
backtest;1176;;140.11;143.52014;0.110143619;0.112942256;;;;;;;;;;,
backtest;1177;;135.91;141.8532;0.106696758;0.111574225;;;;;;;;;;,
backtest;1178;;133.23;138.72089;0.104497333;0.109003596;;;;;;;;;;,
backtest;1179;;131.76;135.30867;0.103290931;0.10620326;;;;;;;;;;,
backtest;1180;;136.24;132.6114;0.106967583;0.10398966;;;;;;;;;;,
backtest;1181;;133.57;133.04034;0.104776364;0.104341686;;;;;;;;;;,
backtest;1182;;137.71;133.26357;0.108173984;0.10452488;;;;;;;;;;,
backtest;1183;;140.83;135.10991;0.11073451;0.10604014;;;;;;;;;;,
backtest;1184;;147.07;137.99303;0.11585556;0.10840625;;;;;;;;;;,
backtest;1185;;147.22;142.523;0.115978662;0.112123914;;;;;;;;;;,
backtest;1186;;142.62;145.7541;0.112203529;0.11477563;;;;;;;;;;,
backtest;1187;;118.42;145.43135;0.092343045;0.114510745;;;;;;;;;;,
backtest;1188;;128.99;134.53549;0.101017645;0.10556873;;;;;;;;;;,
backtest;1189;;123.7;128.97182;0.096676241;0.101002716;;;;;;;;;;,
backtest;1190;;124.65;124.96494;0.097455888;0.09771436;;;;;;;;;;,
backtest;1191;;120.07;123.526955;0.093697169;0.09653422;;;;;;;;;;,
backtest;1192;;116.66;121.80334;0.090898646;0.095119685;;;;;;;;;;,
backtest;1193;;118.65;119.543045;0.092531801;0.09326471;;;;;;;;;;,
backtest;1194;;124.83;118.95359;0.097603611;0.09278095;;;;;;;;;;,
backtest;1195;;128.68;121.61134;0.100763233;0.09496212;;;;;;;;;;,
backtest;1196;;129.84;125.75004;0.101715224;0.09835867;;;;;;;;;;,
backtest;1197;;133.57;129.15044;0.104776364;0.10114931;;;;;;;;;;,
backtest;1198;;132.8;132.39911;0.10414444;0.10381543;;;;;;;;;;,
backtest;1199;;131.14;133.859;0.102782109;0.105013534;;;;;;;;;;,
backtest;1200;;135.29;133.38824;0.106187936;0.1046272;;;;;;;;;;,
backtest;1201;;138.85;133.98889;0.109109561;0.105120145;;;;;;;;;;,
backtest;1202;;139.4;135.90654;0.109560936;0.106693916;;;;;;;;;;,
backtest;1203;;139.23;137.56094;0.10942142;0.10805166;;;;;;;;;;,
backtest;1204;;140.11;138.35738;0.110143619;0.10870527;;;;;;;;;;,
backtest;1205;;134.43;138.8769;0.10548215;0.10913164;;;;;;;;;;,
backtest;1206;;130.28;136.82262;0.102076323;0.107445724;;;;;;;;;;,
backtest;1207;;126.63;133.19461;0.099080837;0.10446829;;;;;;;;;;,
backtest;1208;;131.28;129.14308;0.102897005;0.10114328;;;;;;;;;;,
backtest;1209;;120.15;128.45523;0.093762823;0.10057877;;;;;;;;;;,
backtest;1210;;124.92;124.74943;0.097677472;0.09753749;;;;;;;;;;,
backtest;1211;;114.06;123.705635;0.088764875;0.096680865;;;;;;;;;;,
backtest;1212;;115.99;119.68887;0.090348789;0.093384385;;;;;;;;;;,
backtest;1213;;117.3;117.33235;0.091423882;0.09145043;;;;;;;;;;,
backtest;1214;;110.57;117.00222;0.085900698;0.0911795;;;;;;;;;;,
backtest;1215;;112.69;114.84836;0.087640542;0.08941186;;;;;;;;;;,
backtest;1216;;106.98;113.96012;0.082954452;0.088682905;;;;;;;;;;,
backtest;1217;;108.76;111.57388;0.084415265;0.086724564;;;;;;;;;;,
backtest;1218;;115.74;110.434555;0.090143619;0.08578954;;;;;;;;;;,
backtest;1219;;115.58;112.85577;0.09001231;0.08777658;;;;;;;;;;,
backtest;1220;;121.67;115.28218;0.095010259;0.089767896;;;;;;;;;;,
backtest;1221;;119.53;119.1357;0.093254001;0.0929304;;;;;;;;;;,
backtest;1222;;115.43;120.93799;0.089889208;0.09440951;;;;;;;;;;,
backtest;1223;;117.52;119.6958;0.091604432;0.09339007;;;;;;;;;;,
backtest;1224;;118.53;118.72351;0.09243332;0.09259213;;;;;;;;;;,
backtest;1225;;117.7;118.449326;0.091752154;0.09236711;;;;;;;;;;,
backtest;1226;;121.41;118.07804;0.094796881;0.092062406;;;;;;;;;;,
backtest;1227;;120.69;119.25746;0.094205991;0.09303033;;;;;;;;;;,
backtest;1228;;113.76;120.12037;0.08851867;0.093738504;;;;;;;;;;,
backtest;1229;;111.43;117.8214;0.086606483;0.091851786;;;;;;;;;;,
backtest;1230;;109.67;114.619385;0.085162085;0.08922395;;;;;;;;;;,
backtest;1231;;108.38;111.71295;0.084103406;0.08683869;;;;;;;;;;,
backtest;1232;;110.15;109.59199;0.085556011;0.08509806;;;;;;;;;;,
backtest;1233;;110.42;109.3209;0.085777595;0.08487558;;;;;;;;;;,
backtest;1234;;101.8;109.90783;0.078703324;0.08535726;;;;;;;;;;,
backtest;1235;;94.31;107.23036;0.072556422;0.083159916;;;;;;;;;;,
backtest;1236;;97.64;101.79376;0.07528929;0.0786982;;;;;;;;;;,
backtest;1237;;96.3;99.05794;0.074189577;0.07645296;;;;;;;;;;,
backtest;1238;;114.33;97.69106;0.088986459;0.075331196;;;;;;;;;;,
backtest;1239;;107.57;104.460655;0.083438654;0.08088687;;;;;;;;;;,
backtest;1240;;110.93;108.312546;0.086196143;0.08404805;;;;;;;;;;,
backtest;1241;;110.71;111.18071;0.086015593;0.086401895;;;;;;;;;;,
backtest;1242;;112.2;112.429756;0.087238408;0.08742696;;;;;;;;;;,
backtest;1243;;104.49;113.13777;0.080910956;0.08800802;;;;;;;;;;,
backtest;1244;;101.49;110.18505;0.078448913;0.085584775;;;;;;;;;;,
backtest;1245;;96.91;106.02443;0.074690193;0.08217023;;;;;;;;;;,
backtest;1246;;98.89;101.25494;0.076315142;0.078255996;;;;;;;;;;,
backtest;1247;;102.71;98.9669;0.079450144;0.076378256;;;;;;;;;;,
backtest;1248;;106.43;99.881454;0.082503078;0.077128805;;;;;;;;;;,
backtest;1249;;111.01;102.96962;0.086261797;0.07966321;;;;;;;;;;,
backtest;1250;;108.73;107.39892;0.084390644;0.08329825;;;;;;;;;;,
backtest;1251;;109.02;109.62641;0.084628642;0.08512631;;;;;;;;;;,
backtest;1252;;108.92;110.432465;0.084546574;0.085787825;;;;;;;;;;,
backtest;1253;;111.61;110.361946;0.086754206;0.08572995;;;;;;;;;;,
backtest;1254;;114.5;111.01067;0.089125975;0.086262345;;;;;;;;;;,
backtest;1255;;113.82;112.66418;0.088567911;0.08761935;;;;;;;;;;,
backtest;1256;;113.54;113.6342;0.088338121;0.08841543;;;;;;;;;;,
backtest;1257;;117.06;113.87164;0.091226918;0.08861029;;;;;;;;;;,
backtest;1258;;117.37;115.153786;0.09148133;0.08966252;;;;;;;;;;,
backtest;1259;;116.65;116.29575;0.090890439;0.090599716;;;;;;;;;;,
backtest;1260;;123;116.665085;0.096101764;0.09090282;;;;;;;;;;,
backtest;1261;;129.93;119.148766;0.101789085;0.09294113;;;;;;;;;;,
backtest;1262;;135.34;123.970474;0.10622897;0.09689821;;;;;;;;;;,
backtest;1263;;134.83;129.67935;0.105810423;0.101583384;;;;;;;;;;,
backtest;1264;;135.4;133.1547;0.106278211;0.104435526;;;;;;;;;;,
backtest;1265;;135.57;134.74937;0.106417727;0.10574425;;;;;;;;;;,
backtest;1266;;134.38;135.10434;0.105441116;0.10603556;;;;;;;;;;,
backtest;1267;;131.8;134.3648;0.103323759;0.10542864;;;;;;;;;;,
backtest;1268;;132.83;132.5092;0.10416906;0.10390579;;;;;;;;;;,
backtest;1269;;131.29;131.45859;0.102905211;0.10304357;;;;;;;;;;,
backtest;1270;;135.5;130.48564;0.106360279;0.102245085;;;;;;;;;;,
backtest;1271;;134.81;131.68616;0.105794009;0.10323033;;;;;;;;;;,
backtest;1272;;139.19;132.87282;0.109388593;0.1042042;;;;;;;;;;,
backtest;1273;;135.13;135.43318;0.106056627;0.106305435;;;;;;;;;;,
backtest;1274;;137.38;135.8371;0.10790316;0.10663693;;;;;;;;;;,
backtest;1275;;141.22;136.39165;0.111054575;0.10709204;;;;;;;;;;,
backtest;1276;;141.92;138.27258;0.111629052;0.10863568;;;;;;;;;;,
backtest;1277;;139.99;140.05402;0.110045137;0.11009768;;;;;;;;;;,
backtest;1278;;141.72;140.32846;0.111464916;0.1103229;;;;;;;;;;,
backtest;1279;;142.63;140.71858;0.112211736;0.110643074;;;;;;;;;;,
backtest;1280;;143.96;141.30397;0.113303242;0.11112349;;;;;;;;;;,
backtest;1281;;142.83;142.2095;0.112375872;0.111866646;;;;;;;;;;,
backtest;1282;;145;142.3867;0.11415675;0.112012066;;;;;;;;;;,
backtest;1283;;141.97;143.13518;0.111670086;0.11262632;;;;;;;;;;,
backtest;1284;;144.69;142.54811;0.113902339;0.11214453;;;;;;;;;;,
backtest;1285;;144.12;142.89233;0.113434551;0.112427026;;;;;;;;;;,
backtest;1286;;145.48;143.14127;0.114550677;0.11263132;;;;;;;;;;,
forecast;;18/06/2025;;143.14125;;0.11263131;;;;;;;;;;,
forecast;;19/06/2025;;142.90422;;0.11243678;;;;;;;;;;,
forecast;;20/06/2025;;142.55254;;0.11214816;;;;;;;;;;,
forecast;;23/06/2025;;142.18565;;0.111847065;;;;;;;;;;,
forecast;;24/06/2025;;141.84271;;0.11156563;;;;;;;;;;,
forecast;;25/06/2025;;141.53188;;0.11131053;;;;;;;;;;,
forecast;;26/06/2025;;141.26418;;0.111090824;;;;;;;;;;,
forecast;;27/06/2025;;141.03351;;0.11090153;;;;;;;;;;,
forecast;;30/06/2025;;140.84592;;0.11074757;;;;;;;;;;,
forecast;;1/07/2025;;140.68854;;0.11061841;;;;;;;;;;,
forecast;;2/07/2025;;140.55324;;0.11050737;;;;;;;;;;,
forecast;;3/07/2025;;140.4361;;0.11041124;;;;;;;;;;,
forecast;;4/07/2025;;140.3332;;0.1103268;;;;;;;;;;,
forecast;;7/07/2025;;140.23474;;0.110245995;;;;;;;;;;,
forecast;;8/07/2025;;140.13725;;0.11016598;;;;;;;;;;,
forecast;;9/07/2025;;140.03667;;0.11008343;;;;;;;;;;,
forecast;;10/07/2025;;139.93332;;0.10999862;;;;;;;;;;,
forecast;;11/07/2025;;139.8222;;0.10990743;;;;;;;;;;,
forecast;;14/07/2025;;139.70897;;0.1098145;;;;;;;;;;,
forecast;;15/07/2025;;139.58739;;0.10971472;;;;;;;;;;,
"resumen;;;;;;;""Ticker",
NVDA    149.405869,
"dtype: float64"";""Ticker",
NVDA    144.490005,
Name: 2025-06-17 00:00:00," dtype: float64"";""Ticker"
NVDA    144.119995,
Name: 2025-06-17 00:00:00," dtype: float64"";""Ticker"
NVDA    109.646676,
"dtype: float64"";""""""344830520"""""";""Ticker",
NVDA    1.440002,
Name: 2025-06-17 00:00:00," dtype: float64"";""Ticker"
NVDA    386,
"dtype: int64"";""Ticker",
NVDA    42335.555509,
"dtype: float64"";""Ticker",
NVDA    42323.617104,
"dtype: float64"";""""""235583329""""""",
